Date,Time,Open,Close,High,Low,TSI,Close2dPos,TSI_Position,TSI_Crossover,YBR_Position,Profit
2020-10-02,2020-10-02,331.700012,333.839996,337.01001,331.190002,-23.81904,0,1,0,0,1
2020-10-05,2020-10-05,336.059998,339.76001,339.959991,336.01001,-20.663783,1,1,0,1,1
2020-10-06,2020-10-06,339.910004,334.929993,342.170013,334.380005,-19.008627,1,1,0,0,1
2020-10-07,2020-10-07,338.119995,340.76001,341.630005,338.089996,-15.980931,1,1,0,1,1
2020-10-08,2020-10-08,342.850006,343.779999,343.850006,341.859985,-12.673825,1,1,0,1,1
2020-10-09,2020-10-09,345.559998,346.850006,347.350006,344.890015,-9.133195,1,1,0,1,1
2020-10-12,2020-10-12,349.589996,352.429993,354.019989,349.059998,-4.765345,1,1,0,1,0
2020-10-13,2020-10-13,352.279999,350.130005,352.470001,349.089996,-1.751605,1,1,0,1,0
2020-10-14,2020-10-14,350.75,347.929993,351.929993,347.140015,0.183813,0,1,0,1,0
2020-10-15,2020-10-15,343.709991,347.5,348.019989,343.130005,1.680402,0,1,0,1,0
2020-10-16,2020-10-16,348.959991,347.290009,350.75,347.100006,2.88455,0,1,0,1,0
2020-10-19,2020-10-19,348.649994,342.01001,349.329987,341.040009,2.474741,0,1,0,1,1
2020-10-20,2020-10-20,343.459991,343.380005,346.880005,342.640015,2.488119,0,1,0,1,0
2020-10-21,2020-10-21,343.329987,342.730011,345.670013,342.399994,2.31718,1,1,0,1,0
2020-10-22,2020-10-22,342.959991,344.609985,345.23999,340.649994,2.687156,1,1,0,1,0
2020-10-23,2020-10-23,345.929993,345.779999,345.98999,343.130005,3.331435,1,1,0,1,0
2020-10-26,2020-10-26,342.130005,339.390015,342.980011,335.619995,1.941411,0,1,0,0,0
2020-10-27,2020-10-27,339.76001,338.220001,340.119995,337.98999,0.42246,0,1,0,0,0
2020-10-28,2020-10-28,332.100006,326.660004,338.25,326.130005,-4.253192,0,0,2,2,1
2020-10-29,2020-10-29,326.910004,329.980011,333.399994,325.089996,-6.959188,0,0,2,2,1
2020-10-30,2020-10-30,328.279999,326.540009,329.690002,322.600006,-10.056619,0,0,0,2,1
2020-11-02,2020-11-02,330.200012,330.200012,332.359985,327.23999,-11.364661,1,0,0,2,1
2020-11-03,2020-11-03,333.690002,336.029999,338.25,330.290009,-10.53837,1,0,0,2,1
2020-11-04,2020-11-04,340.859985,343.540009,347.940002,339.589996,-7.549217,1,0,0,1,1
2020-11-05,2020-11-05,349.23999,350.23999,352.190002,348.859985,-3.253396,1,1,1,1,1
2020-11-06,2020-11-06,349.929993,350.160004,351.51001,347.649994,0.084032,1,1,1,1,1
2020-11-09,2020-11-09,363.970001,354.559998,364.380005,354.059998,3.919394,1,1,0,1,1
2020-11-10,2020-11-10,353.48999,354.040009,355.179993,350.51001,6.849444,1,1,0,1,1
2020-11-11,2020-11-11,356.399994,356.670013,357.559998,355.059998,9.895854,1,1,0,1,1
2020-11-12,2020-11-12,355.579987,353.209991,356.720001,351.26001,11.343518,0,1,0,1,1
2020-11-13,2020-11-13,355.269989,358.100006,358.899994,354.709991,13.699768,1,1,0,1,0
2020-11-16,2020-11-16,360.980011,362.570007,362.779999,359.589996,16.650103,1,1,0,1,0
2020-11-17,2020-11-17,359.970001,360.619995,361.920013,358.339996,18.418884,1,1,0,1,0
2020-11-18,2020-11-18,360.910004,356.279999,361.5,356.23999,18.452867,0,1,0,1,1
2020-11-19,2020-11-19,355.600006,357.779999,358.179993,354.149994,18.816615,0,1,0,1,1
2020-11-20,2020-11-20,357.5,355.329987,357.720001,355.25,18.308582,0,1,0,1,1
2020-11-23,2020-11-23,357.279999,357.459991,358.820007,354.869995,18.377073,0,1,0,1,1
2020-11-24,2020-11-24,360.209991,363.220001,363.809998,359.290009,19.756032,1,1,0,1,1
2020-11-25,2020-11-25,363.130005,362.660004,363.160004,361.480011,20.697104,1,1,0,1,1
2020-11-27,2020-11-27,363.839996,363.670013,364.179993,362.579987,21.711608,1,1,0,1,1
2020-11-30,2020-11-30,362.829987,362.059998,363.119995,359.170013,21.984199,0,1,0,1,1
2020-12-01,2020-12-01,365.570007,366.019989,367.679993,364.929993,23.13638,1,1,0,1,1
2020-12-02,2020-12-02,364.820007,366.790009,366.959991,364.200012,24.280971,1,1,0,1,1
2020-12-03,2020-12-03,366.679993,366.690002,368.190002,365.5,25.211237,1,1,0,1,1
2020-12-04,2020-12-04,367.320007,369.850006,369.850006,367.220001,26.757278,1,1,0,1,0
2020-12-07,2020-12-07,369.019989,369.089996,369.619995,367.720001,27.752659,1,1,0,1,0
2020-12-08,2020-12-08,367.720001,370.170013,370.779999,367.670013,28.866307,1,1,0,1,0
2020-12-09,2020-12-09,370.880005,366.850006,371.049988,365.950012,28.335396,0,1,0,1,1
2020-12-10,2020-12-10,365.369995,366.730011,367.859985,364.429993,27.828884,0,1,0,1,1
2020-12-11,2020-12-11,364.899994,366.299988,366.73999,363.26001,27.191665,0,1,0,1,1
2020-12-14,2020-12-14,368.640015,364.660004,369.799988,364.470001,25.852138,0,1,0,1,1
2020-12-15,2020-12-15,367.399994,369.589996,369.589996,365.920013,26.123806,1,1,0,1,0
2020-12-16,2020-12-16,369.820007,370.170013,371.160004,368.869995,26.521259,1,1,0,1,0
2020-12-17,2020-12-17,371.940002,372.23999,372.459991,371.049988,27.468447,1,1,0,1,0
2020-12-18,2020-12-18,370.970001,369.179993,371.149994,367.019989,26.670051,0,1,0,1,0
2020-12-21,2020-12-21,364.970001,367.859985,378.459991,362.029999,25.309894,0,0,2,1,1
2020-12-22,2020-12-22,368.209991,367.23999,368.329987,366.029999,23.837546,0,0,2,1,1
2020-12-23,2020-12-23,368.279999,367.570007,369.619995,367.220001,22.69746,0,0,2,1,1
2020-12-24,2020-12-24,368.079987,369.0,369.029999,367.450012,22.21942,1,0,0,1,1
2020-12-28,2020-12-28,371.73999,372.170013,372.589996,371.070007,22.936773,1,0,0,1,0
2020-12-29,2020-12-29,373.809998,371.459991,374.0,370.829987,23.134483,1,0,0,1,0
2020-12-30,2020-12-30,372.339996,371.98999,373.100006,371.570007,23.496199,0,0,0,1,1
2020-12-31,2020-12-31,371.779999,373.880005,374.660004,371.230011,24.507563,1,1,1,1,1
2021-01-04,2021-01-04,375.309998,368.790009,375.450012,364.820007,22.248317,0,0,0,1,1
2021-01-05,2021-01-05,368.100006,371.329987,372.5,368.049988,21.379596,0,0,2,1,1
2021-01-06,2021-01-06,369.709991,373.549988,376.980011,369.119995,21.530336,1,0,0,1,1
2021-01-07,2021-01-07,376.100006,379.100006,379.899994,375.910004,23.743946,1,1,1,1,1
2021-01-08,2021-01-08,380.589996,381.26001,381.48999,377.100006,26.260804,1,1,1,1,0
2021-01-11,2021-01-11,377.850006,378.690002,380.579987,377.720001,26.723881,0,1,1,1,0
2021-01-12,2021-01-12,378.890015,378.769989,379.859985,376.359985,27.120679,0,1,0,1,0
2021-01-13,2021-01-13,378.690002,379.790009,380.859985,377.850006,27.792146,1,1,0,1,1
2021-01-14,2021-01-14,380.589996,378.459991,381.130005,378.100006,27.537374,0,1,0,1,1
2021-01-15,2021-01-15,376.720001,375.700012,377.579987,373.700012,25.65684,0,1,0,1,1
2021-01-19,2021-01-19,378.339996,378.649994,379.230011,376.75,25.173028,1,0,2,1,1
2021-01-20,2021-01-20,381.109985,383.890015,384.790009,380.690002,26.619896,1,1,0,1,0
2021-01-21,2021-01-21,384.48999,384.23999,384.950012,383.25,27.887052,1,1,1,1,0
2021-01-22,2021-01-22,382.25,382.880005,384.130005,381.839996,28.098781,0,1,0,1,0
2021-01-25,2021-01-25,383.670013,384.390015,384.769989,378.459991,28.778034,1,1,0,1,0
2021-01-26,2021-01-26,385.410004,383.790009,385.850006,383.540009,28.970369,1,1,0,1,0
2021-01-27,2021-01-27,380.220001,374.410004,380.320007,372.01001,23.556596,0,0,2,1,1
2021-01-28,2021-01-28,376.359985,377.630005,381.929993,375.890015,20.497064,0,0,2,1,1
2021-01-29,2021-01-29,375.630005,370.070007,376.670013,368.269989,14.264671,0,0,0,1,1
2021-02-01,2021-02-01,373.720001,376.230011,377.339996,370.380005,11.828149,0,0,0,1,1
2021-02-02,2021-02-02,379.649994,381.549988,383.220001,376.320007,11.870857,1,0,0,1,1
2021-02-03,2021-02-03,382.440002,381.850006,383.700012,380.480011,12.002943,1,0,0,1,1
2021-02-04,2021-02-04,382.959991,386.190002,386.23999,381.970001,13.508488,1,0,0,1,1
2021-02-05,2021-02-05,388.200012,387.709991,388.470001,386.140015,15.143989,1,0,0,1,1
2021-02-08,2021-02-08,389.269989,390.51001,390.559998,388.350006,17.268666,1,0,0,1,1
2021-02-09,2021-02-09,389.609985,390.25,390.890015,389.170013,18.849303,1,1,1,1,1
2021-02-10,2021-02-10,392.119995,390.079987,392.279999,387.5,20.061649,0,1,1,1,1
2021-02-11,2021-02-11,391.23999,390.709991,391.690002,388.100006,21.245989,1,1,0,1,1
2021-02-12,2021-02-12,389.850006,392.640015,392.899994,389.769989,22.790781,1,1,0,1,0
2021-02-16,2021-02-16,393.959991,392.299988,394.170013,391.529999,23.928805,1,1,0,1,0
2021-02-17,2021-02-17,390.420013,392.390015,392.660004,389.329987,24.921335,0,1,0,1,0
2021-02-18,2021-02-18,389.589996,390.720001,391.519989,387.73999,24.941639,0,1,0,1,1
2021-02-19,2021-02-19,392.070007,390.029999,392.380005,389.549988,24.607087,0,1,0,1,0
2021-02-22,2021-02-22,387.059998,387.029999,389.619995,386.73999,22.76163,0,1,0,1,0
2021-02-23,2021-02-23,384.660004,387.5,388.950012,380.200012,21.349388,0,0,2,1,1
2021-02-24,2021-02-24,386.329987,391.769989,392.230011,385.269989,21.619742,1,0,2,1,0
2021-02-25,2021-02-25,390.410004,382.329987,391.880005,380.779999,16.94179,0,0,2,1,0
2021-02-26,2021-02-26,384.350006,380.359985,385.579987,378.230011,12.312451,0,0,2,1,0
2021-03-01,2021-03-01,385.589996,389.579987,390.920013,380.570007,12.030509,1,0,0,1,0
2021-03-02,2021-03-02,389.820007,386.540009,390.070007,386.0,10.484556,1,0,0,1,0
2021-03-03,2021-03-03,385.790009,381.420013,386.829987,381.309998,7.177361,0,0,0,1,1
2021-03-04,2021-03-04,381.220001,376.700012,384.0,371.880005,2.83709,0,0,0,0,1
2021-03-05,2021-03-05,380.459991,383.630005,384.76001,372.640015,1.943643,1,0,0,1,1
2021-03-08,2021-03-08,384.660004,381.720001,387.679993,381.420013,0.609277,1,0,0,1,1
2021-03-09,2021-03-09,385.850006,387.170013,389.910004,385.309998,1.377448,1,0,0,1,1
2021-03-10,2021-03-10,389.690002,389.579987,391.399994,388.170013,2.731368,1,0,0,1,1
2021-03-11,2021-03-11,392.230011,393.529999,395.649994,391.73999,4.992414,1,0,0,1,1
2021-03-12,2021-03-12,392.070007,394.059998,394.209991,391.200012,6.927883,1,0,0,1,0
2021-03-15,2021-03-15,394.329987,396.410004,396.690002,392.029999,9.157737,1,1,1,1,0
2021-03-16,2021-03-16,397.070007,395.910004,397.829987,395.079987,10.79409,1,1,1,1,0
2021-03-17,2021-03-17,394.529999,397.26001,398.119995,393.299988,12.521154,1,1,0,1,0
2021-03-18,2021-03-18,394.480011,391.480011,396.720001,390.75,11.871146,0,1,0,1,0
2021-03-19,2021-03-19,389.880005,389.480011,391.570007,387.149994,10.630545,0,1,0,1,1
2021-03-22,2021-03-22,390.029999,392.589996,394.070007,389.970001,10.507494,1,1,0,1,1
2021-03-23,2021-03-23,391.910004,389.5,393.459991,388.660004,9.31265,1,0,2,1,1
2021-03-24,2021-03-24,391.0,387.519989,392.75,387.470001,7.638692,0,0,2,1,1
2021-03-25,2021-03-25,385.980011,389.700012,390.549988,383.899994,6.919703,1,0,2,1,1
2021-03-26,2021-03-26,390.929993,395.980011,396.410004,390.290009,8.230108,1,0,0,1,1
2021-03-29,2021-03-29,394.399994,395.779999,396.75,392.809998,9.222655,1,1,1,1,1
2021-03-30,2021-03-30,394.420013,394.730011,395.450012,393.019989,9.661931,0,1,1,1,1
2021-03-31,2021-03-31,395.339996,396.329987,398.0,395.309998,10.511473,1,1,1,1,1
2021-04-01,2021-04-01,398.399994,400.609985,400.670013,398.179993,12.508517,1,1,1,1,1
2021-04-05,2021-04-05,403.459991,406.359985,406.940002,403.380005,15.826835,1,1,1,1,1
2021-04-06,2021-04-06,405.76001,406.119995,407.23999,405.399994,18.427717,1,1,0,1,1
2021-04-07,2021-04-07,405.940002,406.589996,406.959991,405.450012,20.708815,1,1,0,1,1
2021-04-08,2021-04-08,407.929993,408.519989,408.579987,406.929993,23.144137,1,1,0,1,1
2021-04-09,2021-04-09,408.390015,411.48999,411.670013,408.26001,25.976535,1,1,0,1,1
2021-04-12,2021-04-12,410.850006,411.640015,411.929993,410.200012,28.382249,1,1,0,1,1
2021-04-13,2021-04-13,411.529999,412.859985,413.529999,411.119995,30.733741,1,1,0,1,1
2021-04-14,2021-04-14,412.829987,411.450012,413.959991,410.869995,32.028102,0,1,0,1,1
2021-04-15,2021-04-15,413.73999,415.869995,416.160004,413.690002,34.262107,1,1,0,1,1
2021-04-16,2021-04-16,417.25,417.26001,417.910004,415.730011,36.474678,1,1,0,1,0
2021-04-19,2021-04-19,416.26001,415.209991,416.73999,413.790009,37.216302,0,1,0,1,1
2021-04-20,2021-04-20,413.910004,412.170013,415.089996,410.589996,36.17121,0,1,0,1,1
2021-04-21,2021-04-21,411.51001,416.070007,416.290009,411.359985,36.308291,1,1,0,1,1
2021-04-22,2021-04-22,415.890015,412.269989,416.779999,411.130005,34.357674,1,1,0,1,1
2021-04-23,2021-04-23,412.869995,416.73999,418.25,412.790009,33.955963,1,1,0,1,1
2021-04-26,2021-04-26,417.440002,417.609985,418.220001,416.809998,33.860768,1,1,0,1,0
2021-04-27,2021-04-27,417.929993,417.519989,418.140015,416.299988,33.735339,1,1,0,1,1
2021-04-28,2021-04-28,417.809998,417.399994,419.01001,416.899994,33.566412,0,1,0,1,0
2021-04-29,2021-04-29,420.320007,420.059998,420.720001,416.440002,34.148912,1,1,0,1,0
2021-04-30,2021-04-30,417.630005,417.299988,418.540009,416.339996,33.100705,0,1,0,1,1
2021-05-03,2021-05-03,419.429993,418.200012,419.839996,417.670013,32.484622,0,1,0,1,1
2021-05-04,2021-05-04,416.070007,415.619995,416.600006,411.670013,30.524103,0,0,2,1,1
2021-05-05,2021-05-05,417.380005,415.75,417.630005,415.149994,28.929209,0,0,2,1,0
2021-05-06,2021-05-06,415.829987,419.070007,419.209991,413.679993,28.630814,1,0,0,1,0
2021-05-07,2021-05-07,419.890015,422.119995,422.820007,419.160004,29.341968,1,0,0,1,0
2021-05-10,2021-05-10,422.5,417.940002,422.73999,417.809998,27.550642,0,0,0,1,0
2021-05-11,2021-05-11,413.100006,414.209991,415.269989,410.059998,24.054304,0,0,0,1,1
2021-05-12,2021-05-12,411.230011,405.410004,412.589996,404.0,16.769602,0,0,0,1,1
2021-05-13,2021-05-13,407.070007,410.279999,412.350006,407.019989,12.923191,0,0,0,1,1
2021-05-14,2021-05-14,413.209991,416.579987,417.48999,413.179993,12.175251,1,0,0,1,0
2021-05-17,2021-05-17,415.390015,415.519989,416.390015,413.359985,11.165417,1,0,0,1,0
2021-05-18,2021-05-18,415.799988,411.940002,416.059998,411.769989,8.933219,0,0,0,1,1
2021-05-19,2021-05-19,406.920013,410.859985,411.049988,405.329987,6.772899,0,0,0,1,1
2021-05-20,2021-05-20,411.799988,415.279999,416.630005,411.670013,6.542607,1,0,0,1,1
2021-05-21,2021-05-21,416.869995,414.940002,418.200012,414.450012,6.232304,1,0,0,1,1
2021-05-24,2021-05-24,417.339996,419.170013,420.320007,417.079987,7.374626,1,0,0,1,1
2021-05-25,2021-05-25,420.329987,418.23999,420.709991,417.619995,7.94069,1,0,0,1,1
2021-05-26,2021-05-26,418.869995,419.070007,419.609985,417.76001,8.671515,0,0,0,1,1
2021-05-27,2021-05-27,420.170013,419.290009,420.720001,418.98999,9.348106,1,0,0,1,0
2021-05-28,2021-05-28,420.970001,420.040009,421.25,419.790009,10.163714,1,0,0,1,1
2021-06-01,2021-06-01,422.570007,419.670013,422.720001,419.200012,10.701338,1,0,0,1,1
2021-06-02,2021-06-02,420.369995,420.329987,421.230011,419.290009,11.388141,1,0,0,1,1
2021-06-03,2021-06-03,417.850006,418.769989,419.98999,416.279999,11.286173,0,0,0,1,1
2021-06-04,2021-06-04,420.75,422.600006,422.920013,418.839996,12.574342,1,1,1,1,1
2021-06-07,2021-06-07,422.589996,422.190002,422.779999,421.190002,13.469743,1,1,1,1,1
2021-06-08,2021-06-08,423.109985,422.279999,423.209991,420.320007,14.266826,0,1,0,1,1
2021-06-09,2021-06-09,423.179993,421.649994,423.26001,421.410004,14.635433,0,1,0,1,1
2021-06-10,2021-06-10,422.959991,423.609985,424.630005,421.549988,15.710688,1,1,0,1,0
2021-06-11,2021-06-11,424.200012,424.309998,424.429993,422.820007,16.909169,1,1,0,1,0
2021-06-14,2021-06-14,424.429993,425.26001,425.369995,423.100006,18.321442,1,1,0,1,0
2021-06-15,2021-06-15,425.420013,424.480011,425.459991,423.540009,19.079404,1,1,0,1,0
2021-06-16,2021-06-16,424.630005,422.109985,424.869995,419.920013,18.286323,0,1,0,1,1
2021-06-17,2021-06-17,421.670013,421.970001,423.019989,419.320007,17.520376,0,1,0,1,1
2021-06-18,2021-06-18,417.089996,414.920013,417.829987,414.700012,12.521896,0,0,2,0,1
2021-06-21,2021-06-21,416.799988,420.859985,421.059998,415.929993,11.249475,0,0,2,1,1
2021-06-22,2021-06-22,420.850006,423.109985,424.0,420.079987,11.270382,1,0,0,1,1
2021-06-23,2021-06-23,423.190002,422.600006,424.049988,422.51001,11.002506,1,0,0,1,1
2021-06-24,2021-06-24,424.890015,425.100006,425.549988,424.619995,11.894665,1,0,0,1,1
2021-06-25,2021-06-25,425.899994,426.609985,427.089996,425.549988,13.265152,1,0,0,1,1
2021-06-28,2021-06-28,427.170013,427.470001,427.649994,425.890015,14.741496,1,1,1,1,1
2021-06-29,2021-06-29,427.880005,427.700012,428.559998,427.130005,16.050105,1,1,1,1,1
2021-06-30,2021-06-30,427.209991,428.059998,428.779999,427.179993,17.293282,1,1,0,1,1
2021-07-01,2021-07-01,428.869995,430.429993,430.600006,428.799988,19.341585,1,1,0,1,1
2021-07-02,2021-07-02,431.670013,433.720001,434.100006,430.519989,22.399185,1,1,0,1,1
2021-07-06,2021-07-06,433.779999,432.929993,434.01001,430.01001,24.396403,1,1,0,1,1
2021-07-07,2021-07-07,433.660004,434.459991,434.76001,431.51001,26.651057,1,1,0,1,1
2021-07-08,2021-07-08,428.779999,430.920013,431.730011,427.519989,26.127428,0,1,0,1,1
2021-07-09,2021-07-09,432.529999,435.519989,435.839996,430.709991,27.474543,1,1,0,1,0
2021-07-12,2021-07-12,435.429993,437.079987,437.350006,434.970001,29.119106,1,1,0,1,0
2021-07-13,2021-07-13,436.23999,435.589996,437.839996,435.309998,29.445625,1,1,0,1,0
2021-07-14,2021-07-14,437.399994,436.23999,437.920013,434.910004,29.943937,0,1,0,1,0
2021-07-15,2021-07-15,434.809998,434.75,435.529999,432.720001,29.353188,0,1,0,1,0
2021-07-16,2021-07-16,436.01001,431.339996,436.059998,430.920013,26.613247,0,1,0,1,1
2021-07-19,2021-07-19,426.190002,424.970001,431.410004,421.970001,20.428237,0,0,2,1,1
2021-07-20,2021-07-20,425.679993,431.059998,432.420013,424.829987,18.068723,0,0,2,1,1
2021-07-21,2021-07-21,432.339996,434.549988,434.700012,431.01001,17.625347,1,0,0,1,1
2021-07-22,2021-07-22,434.73999,435.459991,435.720001,433.690002,17.626807,1,0,0,1,1
2021-07-23,2021-07-23,437.519989,439.940002,440.299988,436.790009,19.249327,1,0,0,1,1
2021-07-26,2021-07-26,439.309998,441.019989,441.029999,439.26001,20.879684,1,0,0,1,0
2021-07-27,2021-07-27,439.910004,439.01001,439.940002,435.98999,21.123616,0,0,0,1,0
2021-07-28,2021-07-28,439.679993,438.829987,440.299988,437.309998,21.225444,0,0,0,1,1
2021-07-29,2021-07-29,439.820007,440.649994,441.799988,439.809998,21.920413,1,1,1,1,0
2021-07-30,2021-07-30,437.910004,438.51001,440.059998,437.769989,21.367618,0,0,0,1,1
2021-08-02,2021-08-02,440.339996,437.589996,440.929993,437.209991,20.433368,0,0,2,1,1
2021-08-03,2021-08-03,438.440002,441.149994,441.279999,436.100006,20.895386,1,0,2,1,1
2021-08-04,2021-08-04,439.779999,438.980011,441.119995,438.730011,20.133498,1,0,0,1,1
2021-08-05,2021-08-05,440.220001,441.76001,441.850006,439.880005,20.478101,1,0,0,1,1
2021-08-06,2021-08-06,442.100006,442.48999,442.940002,441.799988,21.011794,1,1,1,1,1
2021-08-09,2021-08-09,442.459991,442.130005,442.799988,441.309998,21.25987,1,1,1,1,1
2021-08-10,2021-08-10,442.609985,442.679993,443.440002,441.880005,21.66266,1,1,1,1,1
2021-08-11,2021-08-11,443.820007,443.779999,443.880005,442.619995,22.398898,1,1,1,1,1
2021-08-12,2021-08-12,443.619995,445.109985,445.26001,442.660004,23.50623,1,1,0,1,0
2021-08-13,2021-08-13,445.589996,445.920013,445.940002,445.070007,24.742699,1,1,0,1,0
2021-08-16,2021-08-16,444.529999,446.970001,447.109985,442.869995,26.184346,1,1,0,1,0
2021-08-17,2021-08-17,444.23999,444.040009,444.959991,440.850006,25.541294,0,1,0,1,1
2021-08-18,2021-08-18,442.959991,439.179993,444.630005,438.920013,21.948352,0,0,2,1,1
2021-08-19,2021-08-19,436.269989,439.859985,441.140015,436.119995,19.295497,0,0,2,1,1
2021-08-20,2021-08-20,440.230011,443.359985,443.709991,439.709991,18.566091,1,0,2,1,1
2021-08-23,2021-08-23,445.160004,447.26001,448.230011,443.440002,19.566518,1,0,0,1,1
2021-08-24,2021-08-24,447.970001,447.970001,448.540009,447.420013,20.647847,1,0,0,1,1
2021-08-25,2021-08-25,448.170013,448.910004,449.459991,447.769989,21.894644,1,1,1,1,1
2021-08-26,2021-08-26,448.609985,446.26001,448.859985,446.160004,21.296864,0,0,0,1,1
2021-08-27,2021-08-27,447.119995,450.25,450.649994,447.059998,22.36699,1,1,0,1,1
2021-08-30,2021-08-30,450.970001,452.230011,453.070007,450.709991,23.969523,1,1,1,1,1
2021-08-31,2021-08-31,452.130005,451.559998,452.48999,450.920013,24.849892,1,1,0,1,0
2021-09-01,2021-09-01,452.559998,451.799988,453.109985,451.549988,25.658407,0,1,0,1,0
2021-09-02,2021-09-02,453.320007,453.190002,454.049988,451.910004,26.842468,1,1,0,1,0
2021-09-03,2021-09-03,451.980011,453.079987,453.630005,451.549988,27.758093,1,1,0,1,0
2021-09-07,2021-09-07,452.709991,451.459991,452.809998,450.73999,27.453442,0,1,0,1,0
2021-09-08,2021-09-08,450.890015,450.910004,451.670013,448.859985,26.826053,0,1,0,1,0
2021-09-09,2021-09-09,450.700012,448.980011,452.570007,448.720001,24.978855,0,1,0,1,0
2021-09-10,2021-09-10,451.040009,445.440002,451.48999,445.309998,21.051515,0,0,2,1,1
2021-09-13,2021-09-13,448.640015,446.579987,448.920013,444.109985,18.321858,0,0,2,1,0
2021-09-14,2021-09-14,448.119995,444.170013,448.339996,443.220001,14.521776,0,0,0,1,0
2021-09-15,2021-09-15,444.619995,447.880005,448.410004,443.440002,13.185805,1,0,0,1,0
2021-09-16,2021-09-16,447.320007,447.170013,448.359985,444.019989,11.674119,1,0,0,1,0
2021-09-17,2021-09-17,444.920013,441.399994,445.369995,441.019989,7.034768,0,0,0,0,1
2021-09-20,2021-09-20,434.880005,434.040009,436.559998,428.859985,-0.503207,0,0,0,2,1
2021-09-21,2021-09-21,436.529999,433.630005,437.910004,433.070007,-6.381462,0,0,0,2,1
2021-09-22,2021-09-22,436.049988,437.859985,440.029999,433.75,-8.697789,1,0,0,2,0
2021-09-23,2021-09-23,439.850006,443.179993,444.890015,439.600006,-7.766459,1,0,0,1,0
2021-09-24,2021-09-24,441.440002,443.910004,444.670013,441.209991,-6.705391,1,0,0,1,0
2021-09-27,2021-09-27,442.809998,442.640015,444.049988,441.899994,-6.407322,0,0,0,0,0
2021-09-28,2021-09-28,439.690002,433.720001,440.040009,432.940002,-9.741052,0,0,0,2,0
2021-09-29,2021-09-29,435.190002,434.450012,437.040009,433.850006,-11.932096,0,0,0,2,0
2021-09-30,2021-09-30,436.019989,429.140015,436.769989,428.779999,-15.492159,0,0,0,2,1
2021-10-01,2021-10-01,430.980011,434.23999,436.029999,427.230011,-15.893613,0,0,0,2,1
2021-10-04,2021-10-04,433.0,428.640015,433.959991,426.359985,-17.959457,0,0,0,2,1
2021-10-05,2021-10-05,430.23999,433.100006,435.48999,429.390015,-17.60956,0,0,0,2,1
2021-10-06,2021-10-06,429.269989,434.899994,435.119995,427.540009,-16.597979,1,0,0,2,0
2021-10-07,2021-10-07,438.390015,438.660004,441.679993,438.200012,-14.309196,1,0,0,2,0
2021-10-08,2021-10-08,439.480011,437.859985,439.890015,437.190002,-12.752783,1,0,0,2,1
2021-10-11,2021-10-11,437.160004,434.690002,440.26001,434.619995,-12.451913,0,0,0,2,1
2021-10-12,2021-10-12,435.670013,433.619995,436.100006,432.779999,-12.526691,0,0,0,2,1
2021-10-13,2021-10-13,434.709991,435.179993,436.049988,431.540009,-11.993519,1,0,0,2,1
2021-10-14,2021-10-14,439.079987,442.5,442.660004,438.579987,-8.823232,1,1,1,0,1
2021-10-15,2021-10-15,444.75,445.869995,446.26001,444.089996,-5.099103,1,1,1,1,1
2021-10-18,2021-10-18,443.970001,447.190002,447.549988,443.269989,-1.666302,1,1,1,1,1
2021-10-19,2021-10-19,448.920013,450.640015,450.709991,448.269989,2.24949,1,1,0,1,1
2021-10-20,2021-10-20,451.130005,452.410004,452.730011,451.01001,5.982578,1,1,0,1,1
2021-10-21,2021-10-21,451.769989,453.589996,453.829987,451.309998,9.399117,1,1,0,1,1
2021-10-22,2021-10-22,453.130005,453.119995,454.670013,451.049988,12.052115,1,1,0,1,1
2021-10-25,2021-10-25,454.279999,455.549988,455.899994,452.390015,14.992355,1,1,0,1,1
2021-10-26,2021-10-26,457.200012,455.959991,458.48999,455.559998,17.576066,1,1,0,1,1
2021-10-27,2021-10-27,456.450012,453.940002,457.160004,453.859985,18.90616,0,1,0,1,1
2021-10-28,2021-10-28,455.459991,458.320007,458.399994,455.450012,21.294973,1,1,0,1,1
2021-10-29,2021-10-29,455.869995,459.25,459.559998,455.559998,23.54727,1,1,0,1,1
2021-11-01,2021-11-01,460.299988,460.040009,460.700012,458.200012,25.661522,1,1,0,1,1
2021-11-02,2021-11-02,460.220001,461.899994,462.230011,460.079987,27.968619,1,1,0,1,1
2021-11-03,2021-11-03,461.299988,464.720001,465.149994,460.829987,30.688826,1,1,0,1,1
2021-11-04,2021-11-04,465.359985,466.910004,467.0,464.98999,33.553299,1,1,0,1,0
2021-11-05,2021-11-05,469.279999,468.529999,470.649994,466.920013,36.37148,1,1,0,1,0
2021-11-08,2021-11-08,469.700012,468.929993,470.230011,468.200012,38.841909,1,1,0,1,0
2021-11-09,2021-11-09,469.320007,467.380005,469.570007,465.880005,40.032179,0,1,0,1,1
2021-11-10,2021-11-10,465.579987,463.619995,467.380005,462.040009,38.807238,0,1,0,1,1
2021-11-11,2021-11-11,465.209991,463.769989,465.290009,463.75,37.823637,0,1,0,1,1
2021-11-12,2021-11-12,465.119995,467.269989,467.859985,464.109985,37.949891,1,1,0,1,1
2021-11-15,2021-11-15,468.640015,467.429993,468.809998,466.230011,38.09914,1,1,0,1,1
2021-11-16,2021-11-16,467.149994,469.279999,470.48999,467.070007,38.740919,1,1,0,1,0
2021-11-17,2021-11-17,469.0,468.140015,469.190002,467.480011,38.552006,1,1,0,1,1
2021-11-18,2021-11-18,469.23999,469.730011,470.01001,466.339996,38.851156,1,1,0,1,0
2021-11-19,2021-11-19,469.609985,468.890015,470.940002,468.5,38.544487,1,1,0,1,0
2021-11-22,2021-11-22,470.890015,467.570007,473.540009,467.350006,37.390063,0,1,0,1,0
2021-11-23,2021-11-23,467.220001,468.190002,469.100006,464.450012,36.60614,0,1,0,1,0
2021-11-24,2021-11-24,466.059998,469.440002,469.570007,465.190002,36.347337,1,1,0,1,0
2021-11-26,2021-11-26,462.339996,458.970001,463.899994,457.769989,28.957631,0,0,2,1,0
2021-11-29,2021-11-29,464.070007,464.600006,466.559998,461.730011,25.264238,0,0,2,1,0
2021-11-30,2021-11-30,462.0,455.559998,464.029999,455.299988,17.380266,0,0,0,1,1
2021-12-01,2021-12-01,461.640015,450.5,464.670013,450.290009,9.161974,0,0,0,0,1
2021-12-02,2021-12-02,450.730011,457.399994,459.070007,450.309998,5.812722,1,0,0,1,1
2021-12-03,2021-12-03,459.170013,453.420013,460.299988,448.920013,1.793275,1,0,0,0,1
2021-12-06,2021-12-06,456.130005,458.790009,460.790009,453.559998,0.785948,1,0,0,1,1
2021-12-07,2021-12-07,464.410004,468.279999,468.880005,458.649994,3.271718,1,0,0,1,0
2021-12-08,2021-12-08,468.700012,469.519989,470.0,466.829987,5.472456,1,0,0,1,0
2021-12-09,2021-12-09,468.149994,466.350006,469.630005,466.140015,6.065039,0,0,0,1,1
2021-12-10,2021-12-10,469.230011,470.73999,470.899994,466.51001,7.780082,1,0,0,1,0
2021-12-13,2021-12-13,470.190002,466.570007,470.559998,466.269989,7.748358,1,0,0,1,0
2021-12-14,2021-12-14,463.089996,463.359985,465.73999,460.25,6.710748,0,0,0,1,0
2021-12-15,2021-12-15,463.420013,470.600006,470.859985,460.73999,7.835958,1,0,0,1,0
2021-12-16,2021-12-16,472.570007,466.450012,472.869995,464.799988,7.454706,1,0,0,1,1
2021-12-17,2021-12-17,461.549988,459.869995,464.73999,458.059998,5.241416,0,0,0,1,1
2021-12-20,2021-12-20,454.480011,454.980011,455.399994,451.140015,2.1739,0,0,0,0,1
2021-12-21,2021-12-21,458.609985,463.059998,463.209991,456.309998,1.856224,1,0,0,1,1
2021-12-22,2021-12-22,462.790009,467.690002,467.809998,462.579987,2.75324,1,0,0,1,1
2021-12-23,2021-12-23,468.75,470.600006,472.190002,468.640015,4.146641,1,0,0,1,1
2021-12-27,2021-12-27,472.059998,477.26001,477.309998,472.01001,6.776238,1,1,1,1,0
2021-12-28,2021-12-28,477.720001,476.869995,478.809998,476.059998,8.747369,1,1,1,1,1
2021-12-29,2021-12-29,476.980011,477.480011,478.559998,475.920013,10.470353,1,1,1,1,1
2021-12-30,2021-12-30,477.929993,476.160004,479.0,475.670013,11.527317,0,1,0,1,0
2021-12-31,2021-12-31,475.640015,474.959991,476.859985,474.670013,12.073137,0,1,0,1,0
2022-01-03,2022-01-03,476.299988,477.709991,477.850006,473.850006,13.135247,1,1,0,1,0
2022-01-04,2022-01-04,479.220001,477.549988,479.980011,475.579987,13.981749,1,1,0,1,0
2022-01-05,2022-01-05,477.160004,468.380005,477.980011,468.279999,11.988359,0,1,0,1,1
2022-01-06,2022-01-06,467.890015,467.940002,470.820007,465.429993,10.21666,0,1,0,1,1
2022-01-07,2022-01-07,467.950012,466.089996,469.200012,464.649994,8.198258,0,0,2,1,0
2022-01-10,2022-01-10,462.700012,465.51001,465.73999,456.600006,6.331055,0,0,2,0,0
2022-01-11,2022-01-11,465.230011,469.75,469.850006,462.049988,5.858627,1,0,0,1,0
2022-01-12,2022-01-12,471.589996,471.019989,473.200012,468.940002,5.799313,1,0,0,1,0
2022-01-13,2022-01-13,472.190002,464.529999,472.880005,463.440002,3.79543,0,0,0,0,0
2022-01-14,2022-01-14,461.190002,464.720001,465.089996,459.899994,2.185742,0,0,0,0,0
2022-01-18,2022-01-18,459.73999,456.48999,459.959991,455.309998,-1.572485,0,0,0,2,0
2022-01-19,2022-01-19,458.130005,451.75,459.609985,451.459991,-5.946908,0,0,0,2,0
2022-01-20,2022-01-20,453.75,446.75,458.73999,444.5,-10.793832,0,0,0,2,0
2022-01-21,2022-01-21,445.559998,437.980011,448.059998,437.950012,-16.801652,0,0,0,2,0
2022-01-24,2022-01-24,432.029999,439.839996,440.380005,420.76001,-20.905454,0,0,0,2,1
2022-01-25,2022-01-25,433.059998,434.470001,439.720001,427.149994,-25.303237,0,0,0,2,1
2022-01-26,2022-01-26,440.720001,433.380005,444.040009,428.859985,-29.019046,0,0,0,2,1
2022-01-27,2022-01-27,438.26001,431.23999,441.589996,429.450012,-32.429945,0,0,0,2,1
2022-01-28,2022-01-28,432.679993,441.950012,442.0,427.820007,-31.3442,1,0,0,2,1
2022-01-31,2022-01-31,441.23999,449.910004,450.279999,439.809998,-27.773559,1,0,0,2,0
2022-02-01,2022-02-01,450.679993,452.950012,453.630005,446.940002,-24.011404,1,0,0,2,0
2022-02-02,2022-02-02,455.5,457.350006,458.119995,453.049988,-19.689878,1,0,0,2,0
2022-02-03,2022-02-03,450.950012,446.600006,452.970001,445.709991,-18.464034,0,1,1,2,1
2022-02-04,2022-02-04,446.350006,448.700012,452.779999,443.829987,-16.918408,0,1,1,2,1
2022-02-07,2022-02-07,449.51001,447.26001,450.98999,445.850006,-15.985943,1,1,1,2,0
2022-02-08,2022-02-08,446.730011,450.940002,451.920013,445.220001,-14.225386,1,1,0,2,0
2022-02-09,2022-02-09,455.220001,457.540009,457.880005,455.01001,-11.044429,1,1,0,2,0
2022-02-10,2022-02-10,451.339996,449.320007,457.709991,447.200012,-10.233074,0,1,0,2,0
2022-02-11,2022-02-11,449.410004,440.459991,451.609985,438.940002,-11.403553,0,1,0,2,0
2022-02-14,2022-02-14,439.920013,439.019989,441.600006,435.339996,-12.602809,0,1,0,2,0
2022-02-15,2022-02-15,443.730011,446.100006,446.279999,443.179993,-11.789994,1,1,0,2,0
2022-02-16,2022-02-16,443.929993,446.600006,448.059998,441.940002,-11.02166,1,1,0,2,0
2022-02-17,2022-02-17,443.220001,437.059998,446.570007,436.420013,-12.250572,0,1,0,2,0
2022-02-18,2022-02-18,437.329987,434.230011,438.660004,431.820007,-13.75977,0,0,2,2,1
2022-02-22,2022-02-22,431.890015,429.570007,435.5,425.859985,-15.826976,0,0,2,2,1
2022-02-23,2022-02-23,432.660004,421.950012,433.26001,421.350006,-18.832944,0,0,2,2,1
2022-02-24,2022-02-24,411.019989,428.299988,428.76001,410.640015,-19.630106,0,0,0,2,1
2022-02-25,2022-02-25,429.609985,437.75,437.839996,427.859985,-17.930686,1,0,0,2,0
2022-02-28,2022-02-28,432.029999,436.630005,438.200012,430.700012,-16.77916,1,0,0,2,0
2022-03-01,2022-03-01,435.040009,429.980011,437.170013,427.109985,-16.982438,0,0,0,2,0
2022-03-02,2022-03-02,432.369995,437.890015,439.720001,431.570007,-15.296051,1,1,1,2,0
2022-03-03,2022-03-03,440.470001,435.709991,441.109985,433.799988,-14.323268,1,1,1,2,0
2022-03-04,2022-03-04,431.75,432.170013,433.369995,427.880005,-14.14288,0,1,0,2,0
2022-03-07,2022-03-07,431.549988,419.429993,432.299988,419.359985,-16.136694,0,0,2,2,1
2022-03-08,2022-03-08,419.619995,416.25,427.209991,415.119995,-18.227244,0,0,2,2,1
2022-03-09,2022-03-09,425.140015,427.410004,429.51001,422.820007,-17.363653,1,0,2,2,0
2022-03-10,2022-03-10,422.519989,425.480011,426.429993,420.440002,-16.984253,1,0,0,2,1
2022-03-11,2022-03-11,428.119995,420.070007,428.769989,419.529999,-17.523569,0,0,0,2,1
2022-03-14,2022-03-14,420.890015,417.0,424.549988,415.790009,-18.430556,0,0,0,2,1
2022-03-15,2022-03-15,419.769989,426.170013,426.839996,418.420013,-17.140278,1,0,0,2,1
2022-03-16,2022-03-16,429.890015,435.619995,435.679993,424.799988,-14.09013,1,1,1,2,1
2022-03-17,2022-03-17,433.589996,441.070007,441.070007,433.190002,-10.555071,1,1,1,2,1
2022-03-18,2022-03-18,438.0,444.519989,444.859985,437.220001,-7.051485,1,1,0,0,1
2022-03-21,2022-03-21,444.339996,444.390015,446.459991,440.679993,-4.235793,1,1,0,0,1
2022-03-22,2022-03-22,445.859985,449.589996,450.579987,445.859985,-0.941985,1,1,0,0,1
2022-03-23,2022-03-23,446.910004,443.799988,448.48999,443.709991,0.696983,0,1,0,0,1
2022-03-24,2022-03-24,445.940002,450.48999,450.5,444.76001,3.249069,1,1,0,1,1
2022-03-25,2022-03-25,451.160004,452.690002,452.980011,448.429993,5.72401,1,1,0,1,0
2022-03-28,2022-03-28,452.059998,455.910004,455.910004,450.059998,8.327123,1,1,0,1,0
2022-03-29,2022-03-29,460.019989,461.549988,462.070007,457.179993,11.443114,1,1,0,1,0
2022-03-30,2022-03-30,460.339996,458.700012,461.200012,456.470001,13.407252,1,1,0,1,0
2022-03-31,2022-03-31,457.890015,451.640015,458.76001,451.160004,13.490981,0,1,0,1,0
2022-04-01,2022-04-01,453.309998,452.920013,453.459991,449.140015,13.774473,0,1,0,1,0
2022-04-04,2022-04-04,453.130005,456.799988,456.910004,452.26001,14.666131,1,1,0,1,0
2022-04-05,2022-04-05,455.220001,451.029999,457.829987,449.820007,14.093063,0,1,0,1,0
2022-04-06,2022-04-06,446.890015,446.519989,448.929993,443.470001,12.593004,0,1,0,0,0
2022-04-07,2022-04-07,445.589996,448.769989,450.690002,443.529999,11.751186,0,1,0,1,0
2022-04-08,2022-04-08,447.970001,447.570007,450.630005,445.940002,10.772326,1,1,0,1,0
2022-04-11,2022-04-11,444.109985,439.920013,445.0,439.390015,8.195277,0,0,2,0,0
2022-04-12,2022-04-12,443.079987,438.290009,445.75,436.649994,5.688359,0,0,2,0,1
2022-04-13,2022-04-13,438.029999,443.309998,444.109985,437.839996,4.618378,1,0,2,0,1
2022-04-14,2022-04-14,443.549988,437.790009,444.730011,437.679993,2.494026,0,0,0,0,1
2022-04-18,2022-04-18,436.809998,437.970001,439.75,435.609985,0.772948,0,0,0,0,0
2022-04-19,2022-04-19,437.859985,445.040009,445.799988,437.679993,0.892803,1,0,0,1,0
2022-04-20,2022-04-20,446.920013,444.709991,447.570007,443.480011,0.917541,1,0,0,1,0
2022-04-21,2022-04-21,448.540009,438.059998,450.01001,437.100006,-0.576433,0,0,0,0,0
2022-04-22,2022-04-22,436.910004,426.040009,438.079987,425.440002,-4.451624,0,0,0,2,1
2022-04-25,2022-04-25,423.670013,428.51001,428.690002,418.839996,-6.968546,0,0,0,2,0
2022-04-26,2022-04-26,425.829987,416.100006,426.040009,416.070007,-11.474104,0,0,0,2,0
2022-04-27,2022-04-27,417.23999,417.269989,422.920013,415.01001,-14.732896,0,0,0,2,0
2022-04-28,2022-04-28,422.290009,427.809998,429.640015,417.600006,-14.731623,1,0,0,2,1
2022-04-29,2022-04-29,423.589996,412.0,425.869995,411.209991,-17.482286,0,0,0,2,1
2022-05-02,2022-05-02,412.070007,414.480011,415.920013,405.019989,-18.991017,0,0,0,2,0
2022-05-03,2022-05-03,415.01001,416.380005,418.929993,413.359985,-19.721307,1,0,0,2,0
2022-05-04,2022-05-04,417.079987,429.059998,429.660004,413.709991,-17.382253,1,0,0,2,0
2022-05-05,2022-05-05,424.549988,413.809998,425.0,409.440002,-17.92896,0,0,0,2,0
2022-05-06,2022-05-06,411.100006,411.339996,414.799988,405.730011,-18.708525,0,0,0,2,0
2022-05-09,2022-05-09,405.100006,398.170013,406.410004,396.5,-21.16665,0,0,0,2,1
2022-05-10,2022-05-10,404.48999,399.089996,406.079987,394.820007,-22.867162,0,0,0,2,1
2022-05-11,2022-05-11,398.070007,392.75,404.040009,391.959991,-25.023574,0,0,0,2,1
2022-05-12,2022-05-12,389.369995,392.339996,395.799988,385.149994,-26.790496,0,0,0,2,0
2022-05-13,2022-05-13,396.709991,401.720001,403.179993,395.609985,-26.220962,1,0,0,2,0
2022-05-16,2022-05-16,399.980011,400.089996,403.970001,397.600006,-25.964049,1,0,0,2,0
2022-05-17,2022-05-17,406.529999,408.320007,408.570007,402.579987,-24.027999,1,0,0,2,0
2022-05-18,2022-05-18,403.5,391.859985,403.799988,390.549988,-24.540909,0,0,0,2,1
2022-05-19,2022-05-19,388.619995,389.459991,394.140015,387.109985,-25.237789,0,0,0,2,1
2022-05-20,2022-05-20,393.25,389.630005,397.029999,380.540009,-25.763192,0,0,0,2,1
2022-05-23,2022-05-23,392.829987,396.920013,397.730011,390.380005,-24.699053,1,0,0,2,1
2022-05-24,2022-05-24,392.559998,393.890015,395.149994,386.959991,-24.206213,1,0,0,2,1
2022-05-25,2022-05-25,392.309998,397.369995,399.450012,391.890015,-23.088954,1,0,0,2,1
2022-05-26,2022-05-26,398.670013,405.309998,407.040009,398.450012,-20.554494,1,1,1,2,1
2022-05-27,2022-05-27,407.910004,415.26001,415.380005,407.700012,-16.520488,1,1,1,2,0
2022-05-31,2022-05-31,413.549988,412.929993,416.459991,410.029999,-13.576429,1,1,0,2,0
2022-06-01,2022-06-01,415.170013,409.589996,416.23999,406.929993,-11.649178,0,1,0,2,1
2022-06-02,2022-06-02,409.420013,417.390015,417.440002,407.040009,-8.612191,1,1,0,2,0
2022-06-03,2022-06-03,412.399994,410.540009,414.040009,409.51001,-7.194884,1,1,0,2,0
2022-06-06,2022-06-06,414.779999,411.790009,416.609985,410.549988,-5.809046,0,1,0,2,0
2022-06-07,2022-06-07,408.100006,415.73999,416.220001,407.609985,-3.948941,1,1,0,2,0
2022-06-08,2022-06-08,413.929993,411.220001,415.820007,410.380005,-3.16282,0,1,0,2,0
2022-06-09,2022-06-09,409.339996,401.440002,411.73999,401.440002,-4.163691,0,1,0,2,0
2022-06-10,2022-06-10,394.880005,389.799988,395.779999,389.75,-6.891419,0,1,0,2,0
2022-06-13,2022-06-13,379.850006,375.0,381.809998,373.299988,-11.357326,0,0,2,2,0
2022-06-14,2022-06-14,376.850006,373.869995,377.940002,370.589996,-15.027744,0,0,2,2,1
2022-06-15,2022-06-15,377.359985,379.200012,383.899994,372.119995,-16.933472,1,0,2,2,0
2022-06-16,2022-06-16,370.51001,366.649994,370.940002,364.079987,-20.147326,0,0,0,2,1
2022-06-17,2022-06-17,365.51001,365.859985,369.380005,362.170013,-22.800565,0,0,0,2,1
2022-06-21,2022-06-21,371.890015,375.070007,376.529999,371.809998,-23.0933,1,0,0,2,1
2022-06-22,2022-06-22,370.619995,374.390015,378.720001,370.179993,-23.413721,1,0,0,2,1
2022-06-23,2022-06-23,376.640015,378.059998,378.829987,372.890015,-22.935999,1,0,0,2,1
2022-06-24,2022-06-24,381.399994,390.079987,390.089996,381.369995,-20.146971,1,0,0,2,0
2022-06-27,2022-06-27,391.049988,388.589996,391.359985,387.440002,-18.085173,1,0,0,2,0
2022-06-28,2022-06-28,390.230011,380.649994,393.160004,380.529999,-17.471581,0,1,1,2,1
2022-06-29,2022-06-29,381.230011,380.339996,382.269989,378.420013,-17.012081,0,1,1,2,1
2022-06-30,2022-06-30,376.23999,377.25,380.660004,372.559998,-17.06038,0,1,0,2,1
2022-07-01,2022-07-01,376.559998,381.23999,381.700012,373.799988,-16.308068,1,1,0,2,1
2022-07-05,2022-07-05,375.880005,381.959991,381.980011,372.899994,-15.532545,1,1,0,2,1
2022-07-06,2022-07-06,382.109985,383.25,385.869995,379.600006,-14.610749,1,1,0,2,0
2022-07-07,2022-07-07,385.119995,388.98999,389.829987,383.269989,-12.636258,1,1,0,2,0
2022-07-08,2022-07-08,387.269989,388.670013,390.640015,385.660004,-11.013018,1,1,0,2,0
2022-07-11,2022-07-11,385.850006,384.230011,386.869995,383.5,-10.385598,0,1,0,2,1
2022-07-12,2022-07-12,383.649994,380.829987,386.160004,378.98999,-10.449023,0,1,0,2,1
2022-07-13,2022-07-13,375.100006,378.829987,381.920013,374.660004,-10.862441,0,1,0,2,1
2022-07-14,2022-07-14,373.609985,377.910004,379.049988,371.040009,-11.385739,0,1,0,2,1
2022-07-15,2022-07-15,382.549988,385.130005,385.25,380.540009,-10.133617,1,1,0,2,1
2022-07-18,2022-07-18,388.380005,381.950012,389.089996,380.660004,-9.694688,1,1,0,2,1
2022-07-19,2022-07-19,386.079987,392.269989,392.869995,385.390015,-6.883276,1,1,0,2,1
2022-07-20,2022-07-20,392.470001,394.769989,396.26001,391.029999,-3.998194,1,1,0,0,0
2022-07-21,2022-07-21,394.160004,398.790009,398.839996,391.630005,-0.707515,1,1,0,0,1
2022-07-22,2022-07-22,398.920013,395.089996,400.179993,392.75,1.18454,1,1,0,0,1
2022-07-25,2022-07-25,395.75,395.570007,396.470001,393.209991,2.860141,0,1,0,0,1
2022-07-26,2022-07-26,393.839996,390.890015,394.059998,389.950012,3.156953,0,1,0,0,1
2022-07-27,2022-07-27,394.359985,401.040009,402.880005,394.049988,5.636629,1,1,0,1,1
2022-07-28,2022-07-28,401.890015,406.070007,406.799988,398.149994,8.70701,1,1,0,1,1
2022-07-29,2022-07-29,407.579987,411.98999,413.029999,406.769989,12.385741,1,1,0,1,1
2022-08-01,2022-08-01,409.149994,410.769989,413.410004,408.399994,15.041028,1,1,0,1,1
2022-08-02,2022-08-02,409.119995,408.059998,413.0,406.820007,16.498369,0,1,0,1,1
2022-08-03,2022-08-03,410.299988,414.450012,415.679993,410.0,18.898912,1,1,0,1,0
2022-08-04,2022-08-04,414.369995,414.170013,415.089996,412.440002,20.784559,1,1,0,1,1
2022-08-05,2022-08-05,409.660004,413.470001,414.149994,409.600006,22.153499,0,1,0,1,1
2022-08-08,2022-08-08,415.25,412.98999,417.619995,411.829987,23.165412,0,1,0,1,1
2022-08-09,2022-08-09,412.220001,411.350006,412.75,410.220001,23.529033,0,1,0,1,1
2022-08-10,2022-08-10,418.779999,419.98999,420.140015,416.720001,25.469561,1,1,0,1,1
2022-08-11,2022-08-11,422.98999,419.98999,424.950012,419.209991,27.083549,1,1,0,1,1
2022-08-12,2022-08-12,422.029999,427.100006,427.209991,421.029999,29.738872,1,1,0,1,1
2022-08-15,2022-08-15,424.769989,428.859985,429.410004,424.709991,32.244416,1,1,0,1,0
2022-08-16,2022-08-16,427.730011,429.700012,431.730011,426.880005,34.479227,1,1,0,1,0
2022-08-17,2022-08-17,425.910004,426.649994,429.5,424.540009,35.259408,0,1,0,1,0
2022-08-18,2022-08-18,426.859985,427.890015,428.609985,425.5,36.13202,0,1,0,1,0
2022-08-19,2022-08-19,424.980011,422.140015,425.26001,421.220001,34.713363,0,1,0,1,0
2022-08-22,2022-08-22,417.049988,413.350006,417.230011,412.399994,30.32517,0,1,0,1,0
2022-08-23,2022-08-23,412.899994,412.350006,415.420013,411.769989,26.42271,0,0,2,1,0
2022-08-24,2022-08-24,412.109985,413.670013,415.109985,411.390015,23.493384,1,0,2,1,0
2022-08-25,2022-08-25,415.23999,419.51001,419.559998,414.089996,22.335436,1,0,2,1,0
2022-08-26,2022-08-26,419.390015,405.309998,419.959991,405.25,16.740013,0,0,0,1,0
2022-08-29,2022-08-29,402.200012,402.630005,405.839996,401.200012,11.591461,0,0,0,1,0
2022-08-30,2022-08-30,403.850006,398.209991,404.100006,396.0,6.288457,0,0,0,0,0
2022-08-31,2022-08-31,399.929993,395.179993,401.23999,395.040009,1.286585,0,0,0,0,1
2022-09-01,2022-09-01,392.890015,396.420013,396.779999,390.040009,-2.393203,0,0,0,0,1
2022-09-02,2022-09-02,400.279999,392.23999,401.559998,390.329987,-6.403519,0,0,0,2,1
2022-09-06,2022-09-06,393.130005,390.76001,394.119995,388.420013,-10.012127,0,0,0,2,1
2022-09-07,2022-09-07,390.429993,397.779999,398.589996,390.200012,-10.951906,1,0,0,0,0
2022-09-08,2022-09-08,395.390015,400.380005,400.859985,394.119995,-10.969149,1,0,0,1,0
2022-09-09,2022-09-09,402.73999,406.600006,407.51001,402.459991,-9.223088,1,0,0,1,0
2022-09-12,2022-09-12,408.779999,410.970001,411.730011,408.459991,-6.616566,1,0,0,1,0
2022-09-13,2022-09-13,401.829987,393.100006,403.100006,391.920013,-8.669581,0,0,0,2,0
2022-09-14,2022-09-14,394.470001,394.600006,396.200012,391.119995,-9.840627,0,0,0,2,0
2022-09-15,2022-09-15,392.959991,390.119995,395.959991,388.779999,-11.690047,0,0,0,2,0
2022-09-16,2022-09-16,384.140015,385.559998,386.25,382.109985,-14.058335,0,0,0,2,0
2022-09-19,2022-09-19,382.26001,388.549988,388.549988,382.179993,-15.149501,0,0,0,2,0
2022-09-20,2022-09-20,385.059998,384.089996,386.119995,381.200012,-16.871129,0,0,0,2,0
2022-09-21,2022-09-21,386.109985,377.390015,389.309998,377.380005,-19.480847,0,0,0,2,0
2022-09-22,2022-09-22,376.579987,374.220001,378.299988,373.440002,-22.122392,0,0,0,2,0
2022-09-23,2022-09-23,370.579987,367.950012,370.619995,363.290009,-25.302746,0,0,0,2,0
2022-09-26,2022-09-26,366.410004,364.309998,370.209991,363.029999,-28.43675,0,0,0,2,0
2022-09-27,2022-09-27,368.019989,363.380005,370.399994,360.869995,-31.116945,0,0,0,2,1
2022-09-28,2022-09-28,364.380005,370.529999,372.299988,362.600006,-31.232226,1,0,0,2,1
2022-09-29,2022-09-29,366.809998,362.790009,367.109985,359.700012,-32.482595,0,0,0,2,1
2022-09-30,2022-09-30,361.799988,357.179993,365.910004,357.040009,-34.293299,0,0,0,2,1
2022-10-03,2022-10-03,361.079987,366.609985,368.549988,359.209991,-33.03581,1,0,0,2,0
2022-10-04,2022-10-04,372.399994,377.970001,378.0,366.570007,-28.946271,1,0,0,2,0
2022-10-05,2022-10-05,373.390015,377.089996,379.459991,370.950012,-25.898052,1,0,0,2,0
2022-10-06,2022-10-06,375.619995,373.200012,378.720001,372.679993,-24.0677,0,1,1,2,0
2022-10-07,2022-10-07,368.970001,362.790009,373.290009,360.940002,-24.192285,0,1,1,2,1
2022-10-10,2022-10-10,363.959991,360.019989,364.209991,357.670013,-24.702691,0,1,0,2,0
2022-10-11,2022-10-11,358.23999,357.73999,363.029999,355.709991,-25.447302,0,0,2,2,1
2022-10-12,2022-10-12,358.170013,356.559998,359.820007,356.299988,-26.225672,0,0,2,2,1
2022-10-13,2022-10-13,349.209991,365.970001,367.51001,348.109985,-24.522602,1,1,1,2,1
2022-10-14,2022-10-14,368.549988,357.630005,370.26001,356.959991,-24.388056,1,1,1,2,1
2022-10-17,2022-10-17,364.01001,366.820007,367.980011,357.279999,-22.087865,1,1,0,2,1
2022-10-18,2022-10-18,375.130005,371.130005,375.450012,367.519989,-19.273208,1,1,1,2,1
2022-10-19,2022-10-19,368.98999,368.5,371.850006,365.549988,-17.428061,1,1,0,2,1
2022-10-20,2022-10-20,368.029999,365.410004,372.670013,364.609985,-16.421419,0,1,0,2,1
2022-10-21,2022-10-21,365.119995,374.290009,374.799988,363.540009,-13.657624,1,1,0,2,1
2022-10-24,2022-10-24,375.890015,378.869995,380.059998,373.109985,-10.459259,1,1,0,2,1
2022-10-25,2022-10-25,378.790009,384.920013,385.25,378.670013,-6.63378,1,1,0,2,1
2022-10-26,2022-10-26,381.619995,382.019989,387.579987,381.350006,-4.053339,1,1,0,2,1
2022-10-27,2022-10-27,383.070007,379.980011,385.0,379.329987,-2.316551,0,1,0,2,0
2022-10-28,2022-10-28,379.869995,389.019989,389.519989,379.679993,0.850415,1,1,0,0,0
2022-10-31,2022-10-31,386.440002,386.209991,388.399994,385.26001,2.882474,1,1,0,2,0
2022-11-01,2022-11-01,390.140015,384.519989,390.390015,383.290009,4.216378,0,1,0,2,0
2022-11-02,2022-11-02,383.899994,374.869995,388.630005,374.76001,3.37339,0,1,0,2,1
2022-11-03,2022-11-03,371.470001,371.01001,374.200012,368.790009,1.920344,0,1,0,2,1
2022-11-04,2022-11-04,377.0,376.350006,378.869995,370.0,1.751074,1,1,0,2,1
2022-11-07,2022-11-07,377.709991,379.950012,380.570007,375.529999,2.299814,1,1,0,2,1
2022-11-08,2022-11-08,381.109985,382.0,385.119995,377.720001,3.143156,1,1,0,2,1
2022-11-09,2022-11-09,379.929993,374.130005,381.140015,373.609985,2.237746,0,1,0,2,1
2022-11-10,2022-11-10,388.049988,394.690002,395.040009,385.640015,5.369114,1,1,0,1,1
2022-11-11,2022-11-11,395.589996,398.51001,399.350006,393.609985,8.465529,1,1,0,1,0
2022-11-14,2022-11-14,396.660004,395.119995,400.179993,394.829987,10.212713,1,1,0,1,1
2022-11-15,2022-11-15,401.149994,398.48999,402.309998,394.48999,12.161334,0,1,0,1,0
2022-11-16,2022-11-16,396.779999,395.450012,397.779999,394.790009,13.099897,1,1,0,1,1
2022-11-17,2022-11-17,390.459991,394.23999,394.950012,390.140015,13.61065,0,1,0,1,1
2022-11-18,2022-11-18,397.73999,396.029999,397.809998,393.040009,14.324669,1,1,0,1,1
2022-11-21,2022-11-21,394.640015,394.589996,395.820007,392.660004,14.604502,1,1,0,1,1
2022-11-22,2022-11-22,396.630005,399.899994,400.070007,395.149994,15.723823,1,1,0,1,0
2022-11-23,2022-11-23,399.549988,402.420013,402.929993,399.309998,17.081536,1,1,0,1,1
2022-11-25,2022-11-25,401.829987,402.329987,402.910004,401.540009,18.20593,1,1,0,1,1
2022-11-28,2022-11-28,399.089996,395.910004,400.809998,395.109985,17.581656,0,1,0,1,1
2022-11-29,2022-11-29,396.049988,395.230011,397.299988,393.299988,16.886116,0,1,0,1,1
2022-11-30,2022-11-30,395.48999,407.679993,407.679993,393.480011,18.509906,1,1,0,1,0
2022-12-01,2022-12-01,408.769989,407.380005,410.0,404.75,19.765988,1,1,0,1,0
2022-12-02,2022-12-02,402.25,406.910004,407.859985,402.140015,20.690127,0,1,0,1,0
2022-12-05,2022-12-05,403.950012,399.589996,404.929993,398.170013,19.502859,0,1,0,1,0
2022-12-06,2022-12-06,399.420013,393.829987,399.98999,391.640015,16.996289,0,1,0,1,1
2022-12-07,2022-12-07,392.940002,393.160004,395.640015,391.970001,14.755272,0,0,2,1,1
2022-12-08,2022-12-08,395.140015,396.23999,397.359985,393.269989,13.49382,1,0,2,1,1
2022-12-09,2022-12-09,394.940002,393.279999,397.619995,393.149994,11.664812,1,0,0,1,0
2022-12-12,2022-12-12,394.109985,398.950012,398.950012,393.410004,11.322258,1,0,0,1,0
2022-12-13,2022-12-13,410.220001,401.970001,410.48999,399.070007,11.673104,1,0,0,1,0
2022-12-14,2022-12-14,401.609985,399.399994,405.5,396.309998,11.276155,1,0,0,1,0
2022-12-15,2022-12-15,394.299988,389.630005,395.25,387.890015,8.356214,0,0,0,1,0
2022-12-16,2022-12-16,385.179993,383.269989,386.579987,381.040009,4.385849,0,0,0,0,0
2022-12-19,2022-12-19,383.470001,380.019989,383.820007,378.279999,0.408594,0,0,0,0,1
2022-12-20,2022-12-20,379.230011,380.540009,382.230011,377.850006,-2.693246,0,0,0,0,1
2022-12-21,2022-12-21,383.25,386.230011,387.410004,382.690002,-3.830919,1,0,0,0,0
2022-12-22,2022-12-22,383.049988,380.720001,386.209991,374.769989,-6.009351,1,0,0,0,1
2022-12-23,2022-12-23,379.649994,382.910004,383.059998,378.029999,-7.221148,0,0,0,0,0
2022-12-27,2022-12-27,382.790009,381.399994,383.149994,379.649994,-8.551104,1,0,0,0,0
2022-12-28,2022-12-28,381.329987,376.660004,383.390015,376.420013,-10.693497,0,0,0,2,1
2022-12-29,2022-12-29,379.630005,383.440002,384.350006,379.079987,-10.620471,1,0,0,0,0
2022-12-30,2022-12-30,380.640015,382.429993,382.579987,378.429993,-10.780888,1,0,0,0,1
2023-01-03,2023-01-03,384.369995,380.820007,386.429993,377.829987,-11.267012,0,0,0,2,1
2023-01-04,2023-01-04,383.179993,383.76001,385.880005,380.0,-10.853699,1,0,0,0,1
2023-01-05,2023-01-05,381.720001,379.380005,381.839996,378.76001,-11.495461,0,0,0,2,1
2023-01-06,2023-01-06,382.609985,388.079987,389.25,379.410004,-9.583984,1,0,0,0,1
2023-01-09,2023-01-09,390.369995,387.859985,393.700012,387.670013,-8.08464,1,0,0,0,1
2023-01-10,2023-01-10,387.25,390.579987,390.649994,386.269989,-6.105471,1,1,1,1,1
2023-01-11,2023-01-11,392.230011,395.519989,395.600006,391.380005,-3.143708,1,1,1,1,0
2023-01-12,2023-01-12,396.670013,396.959991,398.48999,392.420013,-0.329577,1,1,1,1,0
2023-01-13,2023-01-13,393.619995,398.5,399.100006,393.339996,2.407942,1,1,0,1,0
2023-01-17,2023-01-17,398.480011,397.769989,400.230011,397.059998,4.50028,1,1,0,1,1
2023-01-18,2023-01-18,399.01001,391.48999,400.119995,391.279999,4.472251,0,1,0,0,1
2023-01-19,2023-01-19,389.359985,388.640015,391.079987,387.26001,3.636655,0,1,0,0,1
2023-01-20,2023-01-20,390.100006,395.880005,396.040009,388.380005,4.856048,1,1,0,1,1
2023-01-23,2023-01-23,396.720001,400.630005,402.649994,395.720001,7.064981,1,1,0,1,1
2023-01-24,2023-01-24,398.880005,400.200012,401.149994,397.640015,8.730052,1,1,0,1,1
2023-01-25,2023-01-25,395.950012,400.350006,400.700012,393.559998,10.142968,0,1,0,1,1
2023-01-26,2023-01-26,403.130005,404.75,404.920013,400.029999,12.421424,1,1,0,1,1
2023-01-27,2023-01-27,403.660004,405.679993,408.160004,403.440002,14.543997,1,1,0,1,1
2023-01-30,2023-01-30,402.799988,400.589996,405.130005,400.279999,14.630378,0,1,0,1,1
2023-01-31,2023-01-31,401.130005,406.480011,406.529999,400.769989,16.14359,1,1,0,1,1
2023-02-01,2023-02-01,405.209991,410.799988,413.670013,402.350006,18.402282,1,1,0,1,1
2023-02-02,2023-02-02,414.859985,416.779999,418.309998,412.880005,21.594497,1,1,0,1,0
2023-02-03,2023-02-03,411.589996,412.350006,416.970001,411.089996,22.615688,1,1,0,1,0
2023-02-06,2023-02-06,409.790009,409.829987,411.290009,408.100006,22.565391,0,1,0,1,0
2023-02-07,2023-02-07,408.869995,415.190002,416.48999,407.570007,23.677145,1,1,0,1,0
2023-02-08,2023-02-08,413.130005,410.649994,414.529999,409.929993,23.016607,1,1,0,1,1
2023-02-09,2023-02-09,414.410004,407.089996,414.570007,405.809998,21.295293,0,1,0,1,1
2023-02-10,2023-02-10,405.859985,408.040009,408.440002,405.01001,20.114839,0,1,0,1,1
2023-02-13,2023-02-13,408.720001,412.829987,412.970001,408.23999,20.204778,1,1,0,1,0
2023-02-14,2023-02-14,411.23999,412.640015,415.049988,408.51001,20.215138,1,1,0,1,0
2023-02-15,2023-02-15,410.350006,413.980011,414.059998,409.470001,20.522123,1,1,0,1,0
2023-02-16,2023-02-16,408.790009,408.279999,412.910004,408.140015,18.847676,0,1,0,1,0
2023-02-17,2023-02-17,406.059998,407.26001,407.51001,404.049988,17.126582,0,0,2,1,0
2023-02-21,2023-02-21,403.059998,399.089996,404.160004,398.820007,13.017921,0,0,2,0,0
2023-02-22,2023-02-22,399.519989,398.540009,401.130005,397.019989,9.511603,0,0,2,0,0
2023-02-23,2023-02-23,401.559998,400.660004,402.200012,396.25,7.184936,1,0,0,1,0
2023-02-24,2023-02-24,395.420013,396.380005,397.25,393.640015,3.95506,0,0,0,0,1
2023-02-27,2023-02-27,399.869995,397.730011,401.290009,396.75,1.680149,0,0,0,0,1
2023-02-28,2023-02-28,397.230011,396.26001,399.279999,396.149994,-0.647207,0,0,0,0,1
2023-03-01,2023-03-01,395.410004,394.73999,396.690002,393.380005,-3.044333,0,0,0,0,1
2023-03-02,2023-03-02,392.679993,397.809998,398.690002,392.329987,-4.082215,1,0,0,0,1
2023-03-03,2023-03-03,399.709991,404.190002,404.450012,399.029999,-2.904381,1,0,0,1,0
2023-03-06,2023-03-06,405.049988,404.470001,407.450012,404.01001,-1.848101,1,0,0,1,0
2023-03-07,2023-03-07,404.420013,398.269989,404.670013,397.630005,-2.869228,0,0,0,0,0
2023-03-08,2023-03-08,398.390015,398.920013,399.709991,396.589996,-3.493726,0,0,0,0,0
2023-03-09,2023-03-09,399.73999,391.559998,401.480011,390.529999,-6.207719,0,0,0,2,0
2023-03-10,2023-03-10,390.98999,385.910004,393.160004,384.320007,-9.990965,0,0,0,2,1
2023-03-13,2023-03-13,381.809998,385.359985,390.390015,380.649994,-13.162185,0,0,0,2,1
2023-03-14,2023-03-14,390.5,391.730011,393.450012,387.049988,-13.509844,1,0,0,2,1
2023-03-15,2023-03-15,385.890015,389.279999,389.48999,383.709991,-14.42602,1,0,0,2,1
2023-03-16,2023-03-16,386.820007,396.109985,396.470001,386.290009,-12.828561,1,0,0,0,0
2023-03-17,2023-03-17,393.220001,389.98999,394.399994,388.549988,-13.135447,1,0,0,2,1
2023-03-20,2023-03-20,390.799988,393.73999,394.170013,390.070007,-12.158641,0,0,0,0,1
2023-03-21,2023-03-21,397.23999,398.910004,399.410004,395.579987,-9.762425,1,0,0,0,0
2023-03-22,2023-03-22,398.730011,392.109985,402.48999,392.070007,-9.590347,0,0,0,2,1
2023-03-23,2023-03-23,395.089996,393.170013,399.290009,390.350006,-9.139719,0,0,0,2,1
2023-03-24,2023-03-24,391.839996,395.75,395.839996,389.399994,-8.019603,1,1,1,0,1
2023-03-27,2023-03-27,398.119995,396.48999,398.920013,395.559998,-6.898802,1,1,1,0,1
2023-03-28,2023-03-28,395.769989,395.600006,396.48999,393.690002,-6.206803,0,1,1,0,1
2023-03-29,2023-03-29,399.929993,401.350006,401.600006,398.679993,-3.959283,1,1,0,1,1
2023-03-30,2023-03-30,404.089996,403.700012,404.350006,401.76001,-1.448736,1,1,0,1,1
2023-03-31,2023-03-31,404.660004,409.390015,409.700012,404.549988,2.189463,1,1,0,1,0
2023-04-03,2023-04-03,408.850006,410.950012,411.369995,408.440002,5.569888,1,1,0,1,0
2023-04-04,2023-04-04,411.619995,408.670013,411.920013,407.23999,7.666146,0,1,0,1,1
2023-04-05,2023-04-05,407.910004,407.600006,408.700012,405.880005,9.071785,0,1,0,1,1
2023-04-06,2023-04-06,406.769989,409.190002,409.480011,405.679993,10.662174,1,1,0,1,1
2023-04-10,2023-04-10,406.609985,409.609985,409.690002,405.970001,12.112056,1,1,0,1,1
2023-04-11,2023-04-11,410.26001,409.720001,411.179993,408.920013,13.37695,1,1,0,1,1
2023-04-12,2023-04-12,411.869995,408.049988,412.170013,407.440002,13.867856,0,1,0,1,1
2023-04-13,2023-04-13,409.179993,413.470001,413.839996,407.98999,15.773372,1,1,0,1,1
2023-04-14,2023-04-14,412.809998,412.459991,415.089996,410.059998,16.994266,1,1,0,1,0
2023-04-17,2023-04-17,412.369995,413.940002,413.959991,411.089996,18.43616,1,1,0,1,0
2023-04-18,2023-04-18,415.579987,414.209991,415.720001,412.779999,19.739495,1,1,0,1,0
2023-04-19,2023-04-19,412.220001,414.140015,415.079987,412.160004,20.831608,1,1,0,1,0
2023-04-20,2023-04-20,411.209991,411.880005,413.700012,410.269989,20.774501,0,1,0,1,0
2023-04-21,2023-04-21,412.190002,412.200012,412.679993,410.170013,20.821211,0,1,0,1,1
2023-04-24,2023-04-24,411.98999,412.630005,413.070007,410.600006,20.995658,1,1,0,1,1
2023-04-25,2023-04-25,410.579987,406.079987,411.160004,406.019989,17.980353,0,1,0,1,1
2023-04-26,2023-04-26,406.720001,404.359985,407.839996,403.779999,14.640299,0,0,2,0,1
2023-04-27,2023-04-27,407.0,412.410004,412.690002,406.73999,14.682294,1,0,2,1,0
2023-04-28,2023-04-28,411.48999,415.929993,415.940002,411.429993,15.908515,1,1,1,1,0
2023-05-01,2023-05-01,415.470001,415.51001,417.619995,415.269989,16.694925,1,1,1,1,0
2023-05-02,2023-05-02,414.769989,410.839996,414.820007,407.820007,15.181286,0,0,2,1,1
2023-05-03,2023-05-03,411.359985,408.019989,413.869995,407.769989,12.71081,0,0,2,1,1
2023-05-04,2023-05-04,406.929993,405.130005,407.269989,403.73999,9.483257,0,0,2,0,1
2023-05-05,2023-05-05,408.910004,412.630005,413.720001,408.640015,9.519708,1,0,0,1,0
2023-05-08,2023-05-08,412.970001,412.73999,413.23999,411.279999,9.585381,1,0,0,1,0
2023-05-09,2023-05-09,411.130005,410.929993,412.089996,410.690002,8.899758,0,0,0,1,1
2023-05-10,2023-05-10,413.880005,412.850006,414.540009,408.869995,8.998489,1,0,0,1,0
2023-05-11,2023-05-11,411.950012,412.130005,412.429993,409.970001,8.785099,1,0,0,1,1
2023-05-12,2023-05-12,413.420013,411.589996,413.640015,409.070007,8.386015,0,0,0,1,1
2023-05-15,2023-05-15,412.220001,413.01001,413.429993,410.230011,8.55507,1,0,0,1,1
2023-05-16,2023-05-16,411.859985,410.25,412.820007,410.23999,7.525861,0,0,0,1,1
2023-05-17,2023-05-17,412.350006,415.230011,415.859985,410.640015,8.481954,1,0,0,1,0
2023-05-18,2023-05-18,414.899994,419.230011,419.670013,414.670013,10.676513,1,1,1,1,0
2023-05-19,2023-05-19,420.170013,418.619995,420.720001,417.350006,12.186592,1,1,1,1,0
2023-05-22,2023-05-22,418.640015,418.790009,420.390015,417.350006,13.487682,0,1,1,1,1
2023-05-23,2023-05-23,417.079987,414.089996,418.720001,413.679993,12.441618,0,1,0,1,1
2023-05-24,2023-05-24,412.420013,411.089996,412.820007,409.880005,10.257397,0,0,2,1,1
2023-05-25,2023-05-25,414.73999,414.649994,416.160004,412.410004,9.759053,1,0,2,1,1
2023-05-26,2023-05-26,415.329987,420.019989,420.769989,415.25,11.24843,1,1,1,1,1
2023-05-30,2023-05-30,422.029999,420.179993,422.579987,418.73999,12.488805,1,1,1,1,1
2023-05-31,2023-05-31,418.279999,417.850006,419.220001,416.220001,12.472566,0,1,1,1,1
2023-06-01,2023-06-01,418.089996,421.820007,422.920013,416.790009,13.800225,1,1,0,1,1
2023-06-02,2023-06-02,424.5,427.920013,428.73999,423.950012,16.842091,1,1,0,1,1
2023-06-05,2023-06-05,428.279999,427.100006,429.619995,426.369995,18.881082,1,1,0,1,1
2023-06-06,2023-06-06,426.670013,428.029999,428.579987,425.98999,20.803799,1,1,0,1,1
2023-06-07,2023-06-07,428.440002,426.549988,429.619995,426.109985,21.691569,0,1,0,1,1
2023-06-08,2023-06-08,426.619995,429.130005,429.600006,425.820007,23.18501,1,1,0,1,1
2023-06-09,2023-06-09,429.959991,429.899994,431.98999,428.869995,24.639355,1,1,0,1,1
2023-06-12,2023-06-12,430.920013,433.799988,433.880005,430.170013,26.968148,1,1,0,1,1
2023-06-13,2023-06-13,435.320007,436.660004,437.329987,434.630005,29.67228,1,1,0,1,1
2023-06-14,2023-06-14,437.01001,437.179993,439.059998,433.589996,32.029984,1,1,0,1,0
2023-06-15,2023-06-15,436.329987,442.600006,443.899994,436.230011,35.386856,1,1,0,1,0
2023-06-16,2023-06-16,443.019989,439.459991,443.609985,438.970001,36.432781,1,1,0,1,0
2023-06-20,2023-06-20,437.450012,437.179993,438.369995,435.029999,36.06877,0,1,0,1,0
2023-06-21,2023-06-21,436.160004,434.940002,436.98999,434.329987,34.595459,0,1,0,1,1
2023-06-22,2023-06-22,433.950012,436.51001,436.619995,433.600006,33.798652,0,1,0,1,0
2023-06-23,2023-06-23,432.929993,433.209991,435.059998,432.470001,31.435585,0,1,0,1,1
2023-06-26,2023-06-26,432.619995,431.440002,434.609985,431.190002,28.60947,0,0,2,1,1
2023-06-27,2023-06-27,432.350006,436.170013,436.809998,431.880005,27.637671,1,0,2,1,1
2023-06-28,2023-06-28,435.049988,436.390015,437.440002,434.410004,26.9141,1,0,0,1,1
2023-06-29,2023-06-29,435.959991,438.109985,438.279999,435.540009,26.815204,1,0,0,1,1
2023-06-30,2023-06-30,441.440002,443.279999,444.299988,441.109985,28.21459,1,0,0,1,0
2023-07-03,2023-07-03,442.920013,443.790009,444.079987,442.630005,29.491107,1,1,1,1,0
2023-07-05,2023-07-05,441.910004,443.130005,443.890015,441.899994,30.200887,0,1,1,1,0
2023-07-06,2023-07-06,439.420013,439.660004,440.100006,437.059998,28.978884,0,1,0,1,1
2023-07-07,2023-07-07,438.630005,438.549988,442.640015,438.299988,27.396163,0,0,2,1,1
2023-07-10,2023-07-10,438.179993,439.660004,439.839996,437.589996,26.414325,0,0,2,1,1
2023-07-11,2023-07-11,440.450012,442.459991,442.970001,439.440002,26.453316,1,0,0,1,1
2023-07-12,2023-07-12,446.390015,446.019989,447.480011,444.910004,27.573053,1,0,0,1,1
2023-07-13,2023-07-13,447.899994,449.559998,450.380005,447.450012,29.54427,1,1,1,1,1
2023-07-14,2023-07-14,450.480011,449.279999,451.359985,448.48999,30.996982,1,1,1,1,1
2023-07-17,2023-07-17,449.130005,450.839996,451.929993,449.079987,32.647464,1,1,0,1,1
2023-07-18,2023-07-18,450.5,454.190002,454.859985,450.049988,34.957817,1,1,0,1,1
2023-07-19,2023-07-19,455.01001,455.200012,456.429993,454.109985,37.132576,1,1,0,1,1
2023-07-20,2023-07-20,454.170013,452.179993,455.100006,451.440002,37.136067,0,1,0,1,1
2023-07-21,2023-07-21,453.959991,452.179993,454.170013,452.170013,37.138945,0,1,0,1,1
2023-07-24,2023-07-24,453.369995,454.200012,455.040009,452.299988,37.701999,1,1,0,1,1
2023-07-25,2023-07-25,453.920013,455.440002,456.73999,453.869995,38.516686,1,1,0,1,1
2023-07-26,2023-07-26,454.470001,455.51001,456.98999,453.380005,39.220683,1,1,0,1,1
2023-07-27,2023-07-27,459.019989,452.48999,459.440002,451.549988,37.855378,0,1,0,1,0
2023-07-28,2023-07-28,455.880005,456.920013,457.779999,452.48999,38.015828,1,1,0,1,0
2023-07-31,2023-07-31,457.410004,457.790009,458.160004,456.049988,38.399924,1,1,0,1,0
2023-08-01,2023-08-01,456.269989,456.480011,457.25,455.48999,37.856366,0,1,0,1,0
2023-08-02,2023-08-02,453.25,450.130005,453.519989,449.350006,33.315387,0,0,2,1,0
2023-08-03,2023-08-03,448.040009,448.839996,450.790009,447.369995,28.903334,0,0,2,1,0
2023-08-04,2023-08-04,450.720001,446.809998,452.899994,446.269989,24.151606,0,0,0,1,0
2023-08-07,2023-08-07,448.709991,450.709991,450.869995,447.98999,21.722453,1,0,0,1,0
2023-08-08,2023-08-08,448.079987,448.75,450.700012,445.269989,18.706028,1,0,0,1,0
2023-08-09,2023-08-09,449.029999,445.75,449.200012,444.959991,14.7,0,0,0,1,0
2023-08-10,2023-08-10,448.190002,445.910004,451.700012,444.700012,11.547151,0,0,0,1,0
2023-08-11,2023-08-11,443.970001,445.649994,446.700012,443.350006,8.833631,0,0,0,1,0
2023-08-14,2023-08-14,444.700012,448.109985,448.109985,444.380005,7.631954,1,0,0,1,0
2023-08-15,2023-08-15,446.269989,442.890015,446.640015,442.299988,4.094858,0,0,0,1,0
2023-08-16,2023-08-16,442.459991,439.640015,444.179993,439.529999,-0.240383,0,0,0,0,0
2023-08-17,2023-08-17,441.160004,436.290009,441.429993,435.75,-5.149729,0,0,0,2,1
2023-08-18,2023-08-18,433.369995,436.5,437.570007,433.01001,-8.960799,0,0,0,2,1
2023-08-21,2023-08-21,437.549988,439.339996,440.109985,435.320007,-10.654943,1,0,0,0,1
2023-08-22,2023-08-22,441.179993,438.149994,441.179993,437.570007,-12.493588,1,0,0,2,1
2023-08-23,2023-08-23,439.25,443.029999,443.670013,439.100006,-11.557772,1,0,0,0,1
2023-08-24,2023-08-24,444.690002,436.890015,445.220001,436.859985,-13.152903,0,0,0,2,1
2023-08-25,2023-08-25,438.679993,439.970001,441.299988,435.0,-12.92401,0,0,0,0,1
2023-08-28,2023-08-28,442.23999,442.76001,443.399994,439.970001,-11.452321,1,0,0,0,1
2023-08-29,2023-08-29,442.649994,449.160004,449.450012,442.459991,-7.480753,1,0,0,1,1
2023-08-30,2023-08-30,449.51001,451.01001,451.670013,448.779999,-3.659769,1,1,1,1,0
2023-08-31,2023-08-31,451.649994,450.350006,452.829987,450.160004,-0.910903,1,1,1,1,0
2023-09-01,2023-09-01,453.170013,451.190002,453.670013,449.679993,1.614944,1,1,1,1,0
2023-09-05,2023-09-05,450.730011,449.23999,451.059998,449.170013,2.89462,0,1,0,1,0
2023-09-06,2023-09-06,448.399994,446.220001,448.51001,443.809998,2.73218,0,1,0,0,0
2023-09-07,2023-09-07,443.109985,444.850006,445.549988,442.75,2.054421,0,1,0,0,1
2023-09-08,2023-09-08,444.899994,445.519989,447.109985,444.529999,1.754635,0,1,0,0,1
2023-09-11,2023-09-11,448.23999,448.450012,448.769989,446.470001,2.645529,1,1,0,1,0
2023-09-12,2023-09-12,446.950012,445.98999,448.529999,445.390015,2.371663,1,1,0,0,0
2023-09-13,2023-09-13,446.220001,446.51001,447.709991,445.079987,2.350437,0,1,0,0,0
2023-09-14,2023-09-14,449.070007,450.359985,451.079987,447.720001,3.859218,1,1,0,1,0
2023-09-15,2023-09-15,447.140015,443.369995,447.480011,442.920013,2.162364,0,1,0,2,0
2023-09-18,2023-09-18,443.049988,443.630005,444.970001,442.559998,0.912222,0,0,2,2,0
2023-09-19,2023-09-19,442.679993,442.709991,443.290009,439.940002,-0.4755,0,0,2,2,0
2023-09-20,2023-09-20,444.01001,438.640015,444.440002,438.429993,-3.225823,0,0,2,2,0
2023-09-21,2023-09-21,435.700012,431.390015,435.970001,431.230011,-8.157716,0,0,2,2,0
2023-09-22,2023-09-22,432.450012,430.420013,434.100006,429.98999,-12.373853,0,0,0,2,0
2023-09-25,2023-09-25,429.170013,432.230011,432.269989,428.720001,-14.946141,1,0,0,2,0
2023-09-26,2023-09-26,429.089996,425.880005,429.820007,425.019989,-19.031785,0,0,0,2,1
2023-09-27,2023-09-27,427.089996,426.049988,427.670013,422.290009,-22.183424,0,0,0,2,0
2023-09-28,2023-09-28,425.480011,428.519989,430.25,424.869995,-23.57369,1,0,0,2,0
2023-09-29,2023-09-29,431.670013,427.480011,431.850006,425.910004,-24.998937,1,0,0,2,0
2023-10-02,2023-10-02,426.619995,427.309998,428.600006,424.459991,-26.219044,0,0,0,2,1
2023-10-03,2023-10-03,425.059998,421.589996,427.369995,420.179993,-28.829709,0,0,0,2,1
2023-10-04,2023-10-04,422.070007,424.660004,425.429993,420.559998,-29.424267,0,0,0,2,1
2023-10-05,2023-10-05,424.359985,424.5,425.369995,421.170013,-29.95054,1,0,0,2,1
2023-10-06,2023-10-06,421.970001,429.540009,431.130005,420.600006,-27.872442,1,0,0,2,1
2023-10-09,2023-10-09,427.579987,432.290009,432.880005,427.01001,-24.861599,1,0,0,2,0
2023-10-10,2023-10-10,432.940002,434.540009,437.220001,432.529999,-21.36606,1,1,1,2,1
2023-10-11,2023-10-11,435.640015,436.320007,436.579987,433.179993,-17.70918,1,1,1,2,0
2023-10-12,2023-10-12,436.950012,433.660004,437.339996,431.230011,-15.57538,0,1,1,2,0
2023-10-13,2023-10-13,435.209991,431.5,436.450012,429.880005,-14.540157,0,1,0,2,0
2023-10-16,2023-10-16,433.820007,436.040009,437.140015,433.570007,-11.7154,1,1,0,2,0
2023-10-17,2023-10-17,432.809998,436.019989,438.140015,432.450012,-9.432727,1,1,0,2,0
2023-10-18,2023-10-18,434.190002,430.209991,435.179993,429.089996,-9.598097,0,1,0,2,0
2023-10-19,2023-10-19,430.950012,426.429993,432.820007,425.730011,-11.022684,0,1,0,2,0
2023-10-20,2023-10-20,425.980011,421.190002,426.540009,421.079987,-13.877518,0,1,0,2,0
2023-10-23,2023-10-23,419.609985,420.459991,424.450012,417.799988,-16.363972,0,0,2,2,0
2023-10-24,2023-10-24,422.649994,423.630005,424.820007,420.73999,-16.995017,1,0,2,2,0
2023-10-25,2023-10-25,421.890015,417.549988,421.920013,417.019989,-19.312321,0,0,0,2,1
2023-10-26,2023-10-26,416.450012,412.549988,417.329987,411.600006,-22.537458,0,0,2,2,1
2023-10-27,2023-10-27,414.190002,410.679993,414.600006,409.209991,-25.559078,0,0,0,2,1
2023-10-30,2023-10-30,413.559998,415.589996,416.679993,412.220001,-25.82028,1,0,0,2,1
2023-10-31,2023-10-31,416.179993,418.200012,418.529999,414.209991,-24.917416,1,0,0,2,1
2023-11-01,2023-11-01,419.200012,422.660004,423.5,418.649994,-22.356686,1,0,0,2,1
2023-11-02,2023-11-02,426.579987,430.76001,430.920013,426.559998,-17.174816,1,1,1,2,1
2023-11-03,2023-11-03,433.140015,434.690002,436.290009,433.01001,-11.752678,1,1,1,0,0
2023-11-06,2023-11-06,435.470001,435.690002,436.149994,433.679993,-7.183252,1,1,1,0,1
2023-11-07,2023-11-07,435.690002,436.929993,437.589996,434.51001,-3.138514,1,1,0,0,1
2023-11-08,2023-11-08,437.549988,437.25,438.089996,434.869995,0.24138,1,1,0,1,1
2023-11-09,2023-11-09,438.429993,433.839996,438.470001,433.399994,1.93425,0,1,0,0,1
2023-11-10,2023-11-10,435.980011,440.609985,440.929993,433.829987,5.358861,1,1,0,1,1
2023-11-13,2023-11-13,439.230011,440.190002,441.329987,438.420013,7.97784,1,1,0,1,1
2023-11-14,2023-11-14,446.320007,448.730011,450.059998,446.089996,12.482817,1,1,0,1,1
2023-11-15,2023-11-15,450.109985,449.679993,451.380005,448.799988,16.314744,1,1,0,1,1
2023-11-16,2023-11-16,449.220001,450.230011,450.559998,448.119995,19.558657,1,1,0,1,1
2023-11-17,2023-11-17,450.23999,450.790009,451.420013,449.290009,22.369652,1,1,0,1,1
2023-11-20,2023-11-20,450.529999,454.26001,455.130005,450.519989,25.540456,1,1,0,1,1
2023-11-21,2023-11-21,453.179993,453.269989,454.130005,451.959991,27.773129,1,1,0,1,1
2023-11-22,2023-11-22,454.980011,455.019989,456.380005,453.890015,30.047321,1,1,0,1,0
2023-11-24,2023-11-24,455.070007,455.299988,455.5,454.730011,32.027259,1,1,0,1,1
2023-11-27,2023-11-27,454.649994,454.480011,455.48999,454.079987,33.34208,0,1,0,1,1
2023-11-28,2023-11-28,454.079987,454.929993,456.269989,453.5,34.5744,0,1,0,1,1
2023-11-29,2023-11-29,457.149994,454.609985,458.320007,454.200012,35.482568,1,1,0,1,1
2023-11-30,2023-11-30,455.480011,456.399994,456.76001,453.339996,36.703636,1,1,0,1,0
2023-12-01,2023-12-01,455.769989,459.100006,459.649994,455.160004,38.414175,1,1,0,1,0
2023-12-04,2023-12-04,455.600006,456.690002,459.119995,454.339996,38.549041,1,1,0,1,1
2023-12-05,2023-12-05,455.26001,456.600006,457.589996,454.869995,38.613217,0,1,0,1,1
2023-12-06,2023-12-06,458.809998,454.76001,458.839996,454.309998,37.598767,0,1,0,1,1
2023-12-07,2023-12-07,456.910004,458.230011,458.899994,456.290009,37.664621,1,1,0,1,1
2023-12-08,2023-12-08,457.459991,460.200012,460.75,457.209991,38.252851,1,1,0,1,1
2023-12-11,2023-12-11,459.690002,461.98999,462.170013,459.470001,39.232002,1,1,0,1,1
2023-12-12,2023-12-12,461.630005,464.100006,464.200012,460.600006,40.621739,1,1,0,1,1
2023-12-13,2023-12-13,464.48999,470.5,470.76001,464.119995,43.441644,1,1,0,1,1
2023-12-14,2023-12-14,472.5,472.01001,473.730011,469.25,46.079802,1,1,0,1,0
2023-12-15,2023-12-15,469.48999,469.329987,470.700012,467.429993,46.472437,0,1,0,1,1
2023-12-18,2023-12-18,470.980011,471.970001,472.980011,469.890015,47.408759,0,1,0,1,1
2023-12-19,2023-12-19,472.529999,474.839996,474.920013,472.450012,48.817814,1,1,0,1,1
2023-12-20,2023-12-20,473.959991,468.26001,475.899994,467.820007,45.743842,0,1,0,1,1
2023-12-21,2023-12-21,471.329987,472.700012,472.980011,468.839996,44.380381,0,1,0,1,1
2023-12-22,2023-12-22,473.859985,473.649994,475.380005,471.700012,43.539459,1,1,0,1,1
2023-12-26,2023-12-26,474.070007,475.649994,476.579987,473.98999,43.33385,1,1,0,1,0
2023-12-27,2023-12-27,475.440002,476.51001,476.660004,474.890015,43.366601,1,1,0,1,0
2023-12-28,2023-12-28,476.880005,476.690002,477.549988,476.26001,43.434827,1,1,0,1,0
2023-12-29,2023-12-29,476.48999,475.309998,477.029999,473.299988,42.674967,0,0,2,1,0
2024-01-02,2024-01-02,472.160004,472.649994,473.670013,470.48999,40.470528,0,0,2,1,1
2024-01-03,2024-01-03,470.429993,468.790009,471.190002,468.170013,36.415257,0,0,2,1,1
2024-01-04,2024-01-04,468.299988,467.279999,470.959991,467.049988,32.256774,0,0,2,1,1
2024-01-05,2024-01-05,467.48999,467.920013,470.440002,466.429993,29.02327,0,0,0,1,1
2024-01-08,2024-01-08,468.429993,474.600006,474.75,468.299988,28.387951,1,0,0,1,1
2024-01-09,2024-01-09,471.869995,473.880005,474.929993,471.350006,27.491595,1,0,0,1,1
2024-01-10,2024-01-10,474.160004,476.559998,477.450012,473.869995,27.580354,1,0,0,1,0
2024-01-11,2024-01-11,477.589996,476.350006,478.119995,472.26001,27.539661,1,0,0,1,1
2024-01-12,2024-01-12,477.839996,476.679993,478.600006,475.230011,27.608387,1,0,0,1,1
2024-01-16,2024-01-16,475.26001,474.929993,476.609985,473.059998,26.694096,0,0,0,1,1
2024-01-17,2024-01-17,471.820007,472.290009,472.790009,469.869995,24.462641,0,0,0,1,1
2024-01-18,2024-01-18,474.01001,476.48999,477.059998,472.420013,24.032868,1,0,0,1,1
2024-01-19,2024-01-19,477.649994,482.429993,482.720001,476.540009,25.647552,1,0,0,1,1
2024-01-22,2024-01-22,484.01001,483.450012,485.220001,482.779999,27.252378,1,0,0,1,1
2024-01-23,2024-01-23,484.01001,484.859985,485.109985,482.890015,28.982031,1,1,1,1,1
2024-01-24,2024-01-24,487.809998,485.390015,488.769989,484.880005,30.552252,1,1,1,1,1
2024-01-25,2024-01-25,487.579987,488.029999,488.309998,485.390015,32.634726,1,1,1,1,0
2024-01-26,2024-01-26,487.589996,487.410004,489.119995,486.540009,33.983186,1,1,0,1,1
2024-01-29,2024-01-29,487.730011,491.269989,491.420013,487.170013,36.212001,1,1,0,1,1
2024-01-30,2024-01-30,490.559998,490.890015,491.619995,490.109985,37.806429,1,1,0,1,1
2024-01-31,2024-01-31,488.619995,482.880005,489.079987,482.859985,34.253029,0,1,0,1,1
2024-02-01,2024-02-01,484.630005,489.200012,489.230011,483.799988,33.277904,0,1,0,1,1
2024-02-02,2024-02-02,489.649994,494.350006,496.049988,489.299988,33.947956,1,1,0,1,1
2024-02-05,2024-02-05,493.700012,492.549988,494.380005,490.230011,33.494541,1,1,0,1,1
2024-02-06,2024-02-06,493.519989,493.980011,494.320007,492.049988,33.516586,0,1,0,1,1
2024-02-07,2024-02-07,496.290009,498.100006,498.529999,495.359985,34.591577,1,1,0,1,0
2024-02-08,2024-02-08,498.100006,498.320007,498.709991,497.26001,35.49578,1,1,0,1,1
2024-02-09,2024-02-09,498.839996,501.200012,501.649994,498.48999,36.928906,1,1,0,1,1
2024-02-12,2024-02-12,501.170013,500.980011,503.5,500.23999,37.972024,1,1,0,1,0
2024-02-13,2024-02-13,494.529999,494.079987,497.089996,490.720001,35.199361,0,1,0,1,1
2024-02-14,2024-02-14,496.790009,498.570007,499.070007,494.399994,34.105666,0,0,2,1,0
2024-02-15,2024-02-15,499.290009,502.01001,502.200012,498.799988,34.081434,1,0,2,1,1
2024-02-16,2024-02-16,501.700012,499.51001,502.869995,498.75,32.846217,1,0,0,1,1
2024-02-20,2024-02-20,497.720001,496.76001,498.410004,494.450012,30.554611,0,0,2,1,1
2024-02-21,2024-02-21,495.420013,497.209991,497.369995,493.559998,28.828579,0,0,0,1,1
2024-02-22,2024-02-22,504.01001,507.5,508.48999,503.019989,30.03493,1,0,0,1,0
2024-02-23,2024-02-23,509.269989,507.850006,510.130005,507.100006,31.059901,1,0,0,1,1
2024-02-26,2024-02-26,508.299988,505.98999,508.75,505.859985,31.034452,0,0,0,1,1
2024-02-27,2024-02-27,506.700012,506.929993,507.160004,504.75,31.237955,0,0,0,1,1
2024-02-28,2024-02-28,505.329987,506.26001,506.859985,504.959991,31.097744,1,0,0,1,1
2024-02-29,2024-02-29,508.070007,508.079987,509.73999,505.350006,31.424643,1,0,0,1,1
2024-03-01,2024-03-01,508.980011,512.849976,513.289978,508.559998,32.851287,1,1,1,1,1
2024-03-04,2024-03-04,512.030029,512.299988,514.200012,512.0,33.759388,1,1,1,1,0
2024-03-05,2024-03-05,510.23999,507.179993,510.700012,504.910004,32.050144,0,0,2,1,1
2024-03-06,2024-03-06,510.549988,509.75,512.070007,508.420013,31.291311,0,0,2,1,1
2024-03-07,2024-03-07,513.140015,514.809998,515.890015,509.809998,31.918617,1,0,0,1,1
2024-03-08,2024-03-08,515.460022,511.720001,518.219971,511.130005,30.977569,1,0,0,1,1
2024-03-11,2024-03-11,510.480011,511.279999,511.880005,508.5,30.014251,0,0,2,1,0
2024-03-12,2024-03-12,513.450012,516.780029,517.380005,510.859985,30.594514,1,0,0,1,0
2024-03-13,2024-03-13,517.109985,515.969971,517.289978,514.48999,30.688019,1,0,0,1,0
2024-03-14,2024-03-14,516.969971,514.950012,517.130005,511.820007,30.289802,0,0,0,1,1
2024-03-15,2024-03-15,510.209991,509.829987,511.700012,508.119995,27.593971,0,0,0,1,1
2024-03-18,2024-03-18,514.0,512.859985,515.47998,512.440002,26.1993,0,0,2,1,1
2024-03-19,2024-03-19,512.150024,515.710022,516.0,511.119995,25.820253,1,0,0,1,1
2024-03-20,2024-03-20,515.77002,520.47998,520.619995,515.080017,26.760305,1,0,0,1,0
2024-03-21,2024-03-21,523.390015,522.200012,524.109985,521.909973,27.95469,1,0,0,1,1
2024-03-22,2024-03-22,522.109985,521.210022,522.609985,520.969971,28.476799,1,0,0,1,1
2024-03-25,2024-03-25,519.799988,519.77002,520.950012,519.609985,28.247168,0,0,0,1,1
2024-03-26,2024-03-26,521.22998,518.809998,521.580017,518.400024,27.613117,0,0,0,1,1
2024-03-27,2024-03-27,521.710022,523.169983,523.210022,519.48999,28.234716,1,0,0,1,0
2024-03-28,2024-03-28,523.210022,523.070007,524.609985,522.780029,28.700768,1,1,1,1,0
2024-04-01,2024-04-01,523.830017,522.159973,524.380005,520.969971,28.651258,0,1,1,1,0
2024-04-02,2024-04-02,518.23999,518.840027,518.97998,516.47998,26.986411,0,0,2,1,0
2024-04-03,2024-04-03,517.719971,519.409973,520.950012,517.669983,25.757069,0,0,2,1,0
2024-04-04,2024-04-04,523.52002,513.070007,523.869995,512.76001,21.65136,0,0,0,1,1
2024-04-05,2024-04-05,514.460022,518.429993,520.440002,514.01001,19.971946,0,0,0,1,0
2024-04-08,2024-04-08,519.150024,518.719971,520.179993,517.890015,18.714482,1,0,0,1,0
2024-04-09,2024-04-09,520.5,519.320007,520.75,514.349976,17.876389,1,0,0,1,0
2024-04-10,2024-04-10,513.47998,514.119995,516.159973,512.090027,14.824608,0,0,0,1,0
2024-04-11,2024-04-11,515.679993,518.0,519.47998,512.080017,13.649548,0,0,0,1,0
2024-04-12,2024-04-12,514.369995,510.850006,515.820007,509.079987,9.678524,0,0,0,1,0
2024-04-15,2024-04-15,515.130005,504.450012,515.299988,503.579987,4.085443,0,0,0,0,0
2024-04-16,2024-04-16,504.940002,503.529999,506.5,502.209991,-0.560102,0,0,0,2,0
2024-04-17,2024-04-17,506.049988,500.549988,506.220001,499.119995,-5.236572,0,0,0,2,1
2024-04-18,2024-04-18,501.980011,499.519989,504.130005,498.559998,-9.283448,0,0,0,2,1
2024-04-19,2024-04-19,499.440002,495.160004,500.459991,493.859985,-13.877583,0,0,0,2,1
2024-04-22,2024-04-22,497.829987,499.720001,502.380005,495.429993,-15.73513,1,0,0,2,1
2024-04-23,2024-04-23,501.779999,505.649994,506.089996,499.529999,-14.889893,1,0,0,0,1
2024-04-24,2024-04-24,506.559998,505.410004,507.369995,503.130005,-14.292794,1,0,0,0,0
2024-04-25,2024-04-25,499.179993,503.48999,504.269989,497.48999,-14.360143,0,0,0,2,0
2024-04-26,2024-04-26,506.350006,508.26001,509.880005,505.700012,-12.61754,1,0,0,0,0
2024-04-29,2024-04-29,510.089996,510.059998,510.75,507.25,-10.554087,1,0,0,0,1
2024-04-30,2024-04-30,508.559998,501.980011,509.559998,501.980011,-11.251672,0,0,0,2,1
2024-05-01,2024-05-01,501.380005,500.350006,508.190002,499.869995,-12.263984,0,0,0,2,1
2024-05-02,2024-05-02,504.149994,505.029999,505.890015,499.549988,-11.40419,1,0,0,2,1
2024-05-03,2024-05-03,511.160004,511.290009,512.549988,508.559998,-8.567384,1,0,0,0,1
2024-05-06,2024-05-06,513.75,516.570007,516.609985,513.299988,-4.624394,1,1,1,1,1
2024-05-07,2024-05-07,517.559998,517.140015,518.570007,516.450012,-1.350567,1,1,1,1,1
2024-05-08,2024-05-08,515.26001,517.190002,517.73999,515.140015,1.297437,1,1,0,1,1
2024-05-09,2024-05-09,517.380005,520.169983,520.210022,516.710022,4.343955,1,1,0,1,1
2024-05-10,2024-05-10,521.809998,520.840027,522.640015,519.590027,7.040475,1,1,0,1,1
2024-05-13,2024-05-13,522.559998,520.909973,522.669983,519.73999,9.308423,1,1,0,1,1
2024-05-14,2024-05-14,521.109985,523.299988,523.830017,520.559998,11.901876,1,1,0,1,1
2024-05-15,2024-05-15,525.830017,529.780029,530.080017,525.179993,15.871297,1,1,0,1,1
2024-05-16,2024-05-16,529.880005,528.690002,531.52002,528.539978,18.722797,1,1,0,1,1
2024-05-17,2024-05-17,528.809998,529.450012,529.52002,527.320007,21.294118,0,1,0,1,0
2024-05-20,2024-05-20,529.570007,530.059998,531.559998,529.169983,23.615112,1,1,0,1,0
2024-05-21,2024-05-21,529.280029,531.359985,531.52002,529.070007,25.920293,1,1,0,1,0
2024-05-22,2024-05-22,530.650024,529.830017,531.380005,527.599976,27.199595,0,1,0,1,0
2024-05-23,2024-05-23,532.960022,525.960022,533.070007,524.719971,26.517489,0,1,0,1,0
2024-05-24,2024-05-24,527.849976,529.440002,530.27002,526.880005,26.875075,0,1,0,1,0
2024-05-28,2024-05-28,530.27002,529.809998,530.51001,527.109985,27.272719,1,1,0,1,0
2024-05-29,2024-05-29,525.679993,526.099976,527.309998,525.369995,25.844334,0,1,0,1,1
2024-05-30,2024-05-30,524.52002,522.609985,525.200012,521.330017,23.020779,0,1,0,1,1
2024-05-31,2024-05-31,523.590027,527.369995,527.5,518.359985,22.098843,1,1,0,1,1
2024-06-03,2024-06-03,529.02002,527.799988,529.309998,522.599976,21.476264,1,1,0,1,1
2024-06-04,2024-06-04,526.460022,528.390015,529.150024,524.960022,21.139423,1,1,0,1,1
2024-06-05,2024-06-05,530.77002,534.669983,534.690002,528.72998,22.748448,1,1,0,1,1
2024-06-06,2024-06-06,534.97998,534.659973,535.419983,532.679993,24.051302,1,1,1,1,1
2024-06-07,2024-06-07,533.659973,534.01001,536.890015,532.539978,24.814707,0,1,0,1,1
2024-06-10,2024-06-10,533.179993,535.659973,535.98999,532.570007,25.940189,1,1,0,1,1
2024-06-11,2024-06-11,534.070007,536.950012,537.01001,532.049988,27.264735,1,1,0,1,1
2024-06-12,2024-06-12,541.630005,541.359985,544.119995,540.299988,29.659984,1,1,0,1,1
2024-06-13,2024-06-13,543.150024,542.450012,543.330017,539.590027,31.946373,1,1,0,1,1
2024-06-14,2024-06-14,540.880005,542.780029,542.809998,539.849976,33.944481,1,1,0,1,1
2024-06-17,2024-06-17,542.080017,547.099976,548.530029,541.609985,36.798653,1,1,0,1,0
2024-06-18,2024-06-18,547.159973,548.48999,548.619995,546.72998,39.51889,1,1,0,1,0
2024-06-20,2024-06-20,549.440002,547.0,550.119995,545.179993,40.876731,0,1,0,1,0
2024-06-21,2024-06-21,544.400024,544.51001,545.650024,543.02002,40.480559,0,1,0,1,1
2024-06-24,2024-06-24,544.330017,542.73999,546.950012,542.619995,39.066914,0,1,0,1,1
2024-06-25,2024-06-25,543.98999,544.830017,545.200012,542.440002,38.463103,1,1,0,1,1
2024-06-26,2024-06-26,543.690002,545.51001,546.23999,543.030029,38.150231,1,1,0,1,1
2024-06-27,2024-06-27,545.369995,546.369995,546.960022,544.609985,38.131198,1,1,0,1,1
2024-06-28,2024-06-28,547.159973,544.219971,550.280029,542.950012,36.739785,0,1,0,1,1
