Datetime,Return,Predictions
2024-07-12 01:00:00+00:00,0.08,0.1538701242243197
2024-07-12 01:15:00+00:00,0.03,0.21078812242911218
2024-07-12 01:30:00+00:00,0.0,0.21418701589675565
2024-07-12 01:45:00+00:00,-0.02,0.22249460213866215
2024-07-12 02:00:00+00:00,0.04,0.1431326430239478
2024-07-12 02:15:00+00:00,-0.02,0.1278437166004231
2024-07-12 02:30:00+00:00,0.0,0.030023093112051445
2024-07-12 02:45:00+00:00,-0.03,0.047862467772328096
2024-07-12 03:00:00+00:00,-0.0,0.01387259940760107
2024-07-12 03:15:00+00:00,-0.02,0.030780842785049698
2024-07-12 03:30:00+00:00,0.03,0.030023093112051445
2024-07-12 03:45:00+00:00,0.0,0.030023093112051445
2024-07-12 04:00:00+00:00,0.01,0.01627736131236298
2024-07-12 04:15:00+00:00,-0.04,0.09874248214477847
2024-07-12 04:30:00+00:00,-0.04,0.09551601154455333
2024-07-12 04:45:00+00:00,-0.06,0.09156948951892722
2024-07-12 05:00:00+00:00,-0.06,0.044550107834501806
2024-07-12 05:15:00+00:00,-0.03,0.026523492064672846
2024-07-12 05:30:00+00:00,-0.05,0.030024853789161948
2024-07-12 05:45:00+00:00,-0.05,-0.007950260362158014
2024-07-12 06:00:00+00:00,-0.08,-0.029143177048541385
2024-07-12 06:15:00+00:00,-0.06,-0.024433641032716988
2024-07-12 06:30:00+00:00,-0.06,-0.02475868177871774
2024-07-12 06:45:00+00:00,-0.04,0.03211953451383265
2024-07-12 07:00:00+00:00,0.03,0.061570223576644934
2024-07-12 07:15:00+00:00,0.01,0.09501945289350512
2024-07-12 07:30:00+00:00,0.01,0.046026318748190506
2024-07-12 07:45:00+00:00,-0.01,0.10472457084842658
2024-07-12 08:00:00+00:00,-0.04,0.042466542590222284
2024-07-12 08:15:00+00:00,0.0,-0.01769137295793176
2024-07-12 08:30:00+00:00,0.6,0.10101144421794032
2024-07-12 08:45:00+00:00,0.52,0.10353946288361275
2024-07-12 09:00:00+00:00,0.53,0.14721328279897877
2024-07-12 09:15:00+00:00,0.49,0.20910439101608574
2024-07-12 09:30:00+00:00,0.5,0.19679612681554423
2024-07-12 09:45:00+00:00,0.27,0.1431326430239478
2024-07-12 10:00:00+00:00,0.12,0.2711820504382043
2024-07-12 10:15:00+00:00,0.1,0.030023093112051445
2024-07-12 10:30:00+00:00,-0.1,0.07613530634788418
2024-07-12 10:45:00+00:00,-0.1,0.1500566886737804
2024-07-12 11:00:00+00:00,-0.1,0.1431326430239478
2024-07-12 11:15:00+00:00,-0.1,0.16353486993884173
2024-07-12 11:30:00+00:00,-0.1,0.2005797067790818
2024-07-12 11:45:00+00:00,-0.1,0.21628140081469951
2024-07-12 12:00:00+00:00,-0.1,0.1431326430239478
2024-07-12 12:15:00+00:00,-0.1,0.244317982336818
2024-07-12 12:30:00+00:00,-0.1,0.030023093112051445
2024-07-12 12:45:00+00:00,-0.1,0.030023093112051445
2024-07-12 13:00:00+00:00,-0.1,0.030023093112051445
2024-07-12 13:15:00+00:00,-0.1,0.08452364131041269
2024-07-12 13:30:00+00:00,-0.1,0.1431326430239478
2024-07-12 13:45:00+00:00,-0.1,0.22997965630563236
2024-07-12 14:00:00+00:00,-0.1,0.19768482402959162
2024-07-12 14:15:00+00:00,-0.1,0.19768482402959162
2024-07-12 14:30:00+00:00,-0.1,0.18342579662983788
2024-07-12 14:45:00+00:00,-0.1,0.17038327681523074
2024-07-12 15:00:00+00:00,-0.1,0.17038327681523074
2024-07-12 15:15:00+00:00,-0.1,0.1581871313774755
2024-07-12 15:30:00+00:00,-0.1,0.18548867859183635
2024-07-12 15:45:00+00:00,0.07,0.18548867859183635
2024-07-12 16:00:00+00:00,0.09,0.19768482402959162
2024-07-12 16:15:00+00:00,0.13,0.19768482402959162
2024-07-12 16:30:00+00:00,0.11,0.19768482402959162
2024-07-12 16:45:00+00:00,0.11,0.19768482402959162
2024-07-14 18:00:00+00:00,0.1,0.20767373410481477
2024-07-14 18:15:00+00:00,0.06,0.07613530634788418
2024-07-14 18:30:00+00:00,0.09,0.018025442886456026
2024-07-14 18:45:00+00:00,0.07,-0.016086604271590935
2024-07-14 19:00:00+00:00,0.11,-0.026187147814419557
2024-07-14 19:15:00+00:00,0.08,0.044550107834501806
2024-07-14 19:30:00+00:00,0.07,0.009426543332758018
2024-07-14 19:45:00+00:00,0.04,0.03234131442335223
2024-07-14 20:00:00+00:00,0.04,-0.030172925532009513
2024-07-14 20:15:00+00:00,0.03,-0.02405143203800799
2024-07-14 20:30:00+00:00,0.0,-0.024298399520653224
2024-07-14 20:45:00+00:00,-0.0,-0.030513004202491704
2024-07-14 21:00:00+00:00,-0.01,-0.026480363316208774
2024-07-14 21:15:00+00:00,0.0,-0.02737801636561075
2024-07-14 21:30:00+00:00,-0.01,-0.027267837178326305
2024-07-14 21:45:00+00:00,-0.02,-0.032973553361630506
2024-07-14 22:00:00+00:00,-0.0,-0.032973553361630506
2024-07-14 22:15:00+00:00,-0.01,-0.033209115847192994
2024-07-14 22:30:00+00:00,0.01,0.026885694543958834
2024-07-14 22:45:00+00:00,0.0,0.026563799807116727
2024-07-14 23:00:00+00:00,0.02,0.026563799807116727
2024-07-14 23:15:00+00:00,-0.01,-0.033209115847192994
2024-07-14 23:30:00+00:00,-0.0,-0.033209115847192994
2024-07-14 23:45:00+00:00,0.0,-0.033209115847192994
2024-07-15 00:00:00+00:00,0.01,-0.033209115847192994
2024-07-15 00:15:00+00:00,0.02,-0.033209115847192994
2024-07-15 00:30:00+00:00,0.0,-0.033209115847192994
2024-07-15 00:45:00+00:00,0.01,-0.032973553361630506
2024-07-15 01:00:00+00:00,0.01,-0.03308373254891495
2024-07-15 01:15:00+00:00,0.03,-0.03185577457052383
2024-07-15 01:30:00+00:00,0.0,-0.02405143203800799
2024-07-15 01:45:00+00:00,0.0,-0.044643768080730055
2024-07-15 02:00:00+00:00,0.0,0.049719075665948596
2024-07-15 02:15:00+00:00,0.01,0.046798767852579234
2024-07-15 02:30:00+00:00,0.02,0.04752288137036032
2024-07-15 02:45:00+00:00,-0.02,0.03101030923788444
2024-07-15 03:00:00+00:00,0.11,0.0021322277294311444
2024-07-15 03:15:00+00:00,0.07,0.09547505916360094
2024-07-15 03:30:00+00:00,0.06,0.09874248214477847
2024-07-15 03:45:00+00:00,0.04,0.099505359891022
2024-07-15 04:00:00+00:00,0.01,0.10867428755114517
2024-07-15 04:15:00+00:00,-0.01,0.16353486993884173
2024-07-15 04:30:00+00:00,-0.04,0.19768482402959162
2024-07-15 04:45:00+00:00,-0.04,0.14292241171945744
2024-07-15 05:00:00+00:00,-0.05,0.14313650893919344
2024-07-15 05:15:00+00:00,-0.06,0.3311021997583064
2024-07-15 05:30:00+00:00,-0.07,-0.027118720365137676
2024-07-15 05:45:00+00:00,-0.04,-0.02983780237818521
2024-07-15 06:00:00+00:00,-0.04,-0.027118720365137676
2024-07-15 06:15:00+00:00,-0.03,0.03111678470452834
2024-07-15 06:30:00+00:00,-0.04,0.3600815633186205
2024-07-15 06:45:00+00:00,-0.05,0.3507577143693406
2024-07-15 07:00:00+00:00,-0.07,0.36681757378990854
2024-07-15 07:15:00+00:00,-0.1,-0.015737519473485954
2024-07-15 07:30:00+00:00,-0.04,0.29254499837933645
2024-07-15 07:45:00+00:00,-0.03,0.30859920961860965
2024-07-15 08:00:00+00:00,-0.07,0.1442111185233865
2024-07-15 08:15:00+00:00,-0.05,0.17626019256206182
2024-07-15 08:30:00+00:00,-0.01,0.19768482402959162
2024-07-15 08:45:00+00:00,0.0,0.2005797067790818
2024-07-15 09:00:00+00:00,0.0,0.20933473174817688
2024-07-15 09:15:00+00:00,-0.07,0.07613530634788418
2024-07-15 09:30:00+00:00,-0.04,0.10867428755114517
2024-07-15 09:45:00+00:00,-0.04,0.014915456550458214
2024-07-15 10:00:00+00:00,-0.1,0.01627736131236298
2024-07-15 10:15:00+00:00,-0.1,0.017460123120240836
2024-07-15 10:30:00+00:00,-0.1,0.015495970117576354
2024-07-15 10:45:00+00:00,-0.1,0.0734644963177721
2024-07-15 11:00:00+00:00,-0.1,0.14449195200157453
2024-07-15 11:15:00+00:00,-0.1,0.19768482402959162
2024-07-15 11:30:00+00:00,-0.1,0.19768482402959162
2024-07-15 11:45:00+00:00,-0.1,0.1854480319239555
2024-07-15 12:00:00+00:00,-0.1,0.19768482402959162
2024-07-15 12:15:00+00:00,-0.1,0.16353486993884173
2024-07-15 12:30:00+00:00,-0.1,0.13074464566196106
2024-07-15 12:45:00+00:00,-0.1,0.040343652614046495
2024-07-15 13:00:00+00:00,-0.06,0.032947680519581406
2024-07-15 13:15:00+00:00,-0.09,0.10101144421794032
2024-07-15 13:30:00+00:00,-0.01,0.10101144421794032
2024-07-15 13:45:00+00:00,-0.03,0.10101144421794032
2024-07-15 14:00:00+00:00,0.15,0.01627736131236298
2024-07-15 14:15:00+00:00,0.01,0.012658580490204976
2024-07-15 14:30:00+00:00,0.04,-0.019498728246131698
2024-07-15 14:45:00+00:00,-0.04,0.09156948951892722
2024-07-15 15:00:00+00:00,-0.04,0.10472457084842658
2024-07-15 15:15:00+00:00,-0.1,0.03895736279450892
2024-07-15 15:30:00+00:00,0.13,0.09938128734528821
2024-07-15 15:45:00+00:00,0.0,0.10472457084842658
2024-07-15 16:00:00+00:00,0.03,0.044550107834501806
2024-07-15 16:15:00+00:00,0.02,-0.02264515675893933
2024-07-15 16:30:00+00:00,-0.08,-0.01769137295793176
2024-07-15 16:45:00+00:00,0.16,-0.026187147814419557
2024-07-15 18:00:00+00:00,0.0,-0.01266248160982455
2024-07-15 18:15:00+00:00,-0.04,0.09506786273683929
2024-07-15 18:30:00+00:00,0.0,-0.01625847712287198
2024-07-15 18:45:00+00:00,0.01,0.034193736755662146
2024-07-15 19:00:00+00:00,-0.0,0.037587256875936566
2024-07-15 19:15:00+00:00,-0.02,0.03101030923788444
2024-07-15 19:30:00+00:00,-0.03,0.10472457084842658
2024-07-15 19:45:00+00:00,0.0,0.10250098808198665
2024-07-15 20:00:00+00:00,-0.01,0.011513898274734808
2024-07-15 20:15:00+00:00,-0.04,0.10250098808198665
2024-07-15 20:30:00+00:00,0.02,0.026523492064672846
2024-07-15 20:45:00+00:00,0.0,0.01790855313392711
2024-07-15 21:00:00+00:00,-0.01,0.025476348474613334
2024-07-15 21:15:00+00:00,0.01,0.06180536970434935
2024-07-15 21:30:00+00:00,0.0,0.07342677650064451
2024-07-15 21:45:00+00:00,0.04,0.07551034174492405
2024-07-15 22:00:00+00:00,0.0,0.03845959972885771
2024-07-15 22:15:00+00:00,-0.0,0.03375764483498799
2024-07-15 22:30:00+00:00,0.01,0.050895076828140755
2024-07-15 22:45:00+00:00,-0.01,0.022012249371060756
2024-07-15 23:00:00+00:00,0.03,0.03183137828965448
2024-07-15 23:15:00+00:00,-0.02,0.0009079910825575268
2024-07-15 23:30:00+00:00,0.0,-0.03835531588910439
2024-07-15 23:45:00+00:00,0.01,-0.025848072256356113
2024-07-16 00:00:00+00:00,-0.02,-0.024433641032716988
2024-07-16 00:15:00+00:00,-0.0,-0.024433641032716988
2024-07-16 00:30:00+00:00,0.01,-0.014764978775040983
2024-07-16 00:45:00+00:00,0.0,-0.014764978775040983
2024-07-16 01:00:00+00:00,0.0,-0.014764978775040983
2024-07-16 01:15:00+00:00,0.02,-0.02405143203800799
2024-07-16 01:30:00+00:00,-0.01,-0.026267569312590267
2024-07-16 01:45:00+00:00,-0.07,-0.02737801636561075
2024-07-16 02:00:00+00:00,0.0,-0.03185577457052383
2024-07-16 02:15:00+00:00,-0.04,-0.015011946257686213
2024-07-16 02:30:00+00:00,0.01,-0.016536046981378952
2024-07-16 02:45:00+00:00,-0.1,0.03741695012480609
2024-07-16 03:00:00+00:00,0.09,0.04123549744489142
2024-07-16 03:15:00+00:00,-0.04,-0.020553099478005644
2024-07-16 03:30:00+00:00,-0.04,0.01627736131236298
2024-07-16 03:45:00+00:00,-0.1,0.14040939137648306
2024-07-16 04:00:00+00:00,0.05,0.19768482402959162
2024-07-16 04:15:00+00:00,0.04,0.14635160286579596
2024-07-16 04:30:00+00:00,0.08,0.3311021997583064
2024-07-16 04:45:00+00:00,0.0,0.30859920961860965
2024-07-16 05:00:00+00:00,0.01,0.16419615664102416
2024-07-16 05:15:00+00:00,-0.03,0.1322043221612103
2024-07-16 05:30:00+00:00,0.04,0.1322043221612103
2024-07-16 05:45:00+00:00,0.03,0.1322043221612103
2024-07-16 06:00:00+00:00,0.04,0.14292241171945744
2024-07-16 06:15:00+00:00,-0.03,0.19768482402959162
2024-07-16 06:30:00+00:00,-0.04,0.17212528090418275
2024-07-16 06:45:00+00:00,0.03,0.1278437166004231
2024-07-16 07:00:00+00:00,-0.01,0.03146303943905617
2024-07-16 07:15:00+00:00,0.0,0.10101144421794032
2024-07-16 07:30:00+00:00,0.03,-0.008582985867981485
2024-07-16 07:45:00+00:00,0.0,0.09607198381614951
2024-07-16 08:00:00+00:00,0.0,0.09156948951892722
2024-07-16 08:15:00+00:00,0.01,0.1102585316116977
2024-07-16 08:30:00+00:00,-0.1,0.031868148114723244
2024-07-16 08:45:00+00:00,-0.04,-0.02264515675893933
2024-07-16 09:00:00+00:00,-0.08,-0.01439954177485613
2024-07-16 09:15:00+00:00,-0.1,-0.01769137295793176
2024-07-16 09:30:00+00:00,-0.1,-0.02176979961608219
2024-07-16 09:45:00+00:00,-0.1,0.04123549744489142
2024-07-16 10:00:00+00:00,0.02,0.1102585316116977
2024-07-16 10:15:00+00:00,-0.06,0.026523492064672846
2024-07-16 10:30:00+00:00,-0.1,0.04752288137036032
2024-07-16 10:45:00+00:00,-0.1,0.08900229122394712
2024-07-16 11:00:00+00:00,-0.1,0.009426543332758018
2024-07-16 11:15:00+00:00,-0.1,0.03101030923788444
2024-07-16 11:30:00+00:00,-0.1,0.026585278420164414
2024-07-16 11:45:00+00:00,-0.1,0.32760749052944993
2024-07-16 12:00:00+00:00,-0.1,-0.04262613366477072
2024-07-16 12:15:00+00:00,-0.05,-0.01997598185560893
2024-07-16 12:30:00+00:00,0.28,0.036513445150497946
2024-07-16 12:45:00+00:00,-0.1,-0.014764978775040983
2024-07-16 13:00:00+00:00,0.14,-0.030513004202491704
2024-07-16 13:15:00+00:00,0.21,0.01797782485021809
2024-07-16 13:30:00+00:00,0.19,-0.0320404016172188
2024-07-16 13:45:00+00:00,0.13,-0.032795584400766804
2024-07-16 14:00:00+00:00,0.14,-0.032973553361630506
2024-07-16 14:15:00+00:00,0.1,-0.032973553361630506
2024-07-16 14:30:00+00:00,-0.07,-0.027267837178326305
2024-07-16 14:45:00+00:00,-0.1,-0.027267837178326305
2024-07-16 15:00:00+00:00,-0.08,-0.027267837178326305
2024-07-16 15:15:00+00:00,-0.09,-0.032973553361630506
2024-07-16 15:30:00+00:00,-0.07,-0.032795584400766804
2024-07-16 15:45:00+00:00,-0.1,-0.030513004202491704
2024-07-16 16:00:00+00:00,-0.1,-0.02405143203800799
2024-07-16 16:15:00+00:00,-0.1,-0.026732990657779548
2024-07-16 16:30:00+00:00,-0.1,0.013893981901008247
2024-07-16 16:45:00+00:00,-0.1,0.022969523617546214
2024-07-16 18:00:00+00:00,-0.1,0.022012249371060756
2024-07-16 18:15:00+00:00,-0.1,0.030024853789161948
2024-07-16 18:30:00+00:00,-0.1,0.058866810473322755
2024-07-16 18:45:00+00:00,-0.1,0.046026318748190506
2024-07-16 19:00:00+00:00,-0.09,0.05106335889654281
2024-07-16 19:15:00+00:00,-0.07,-0.004614783985403371
2024-07-16 19:30:00+00:00,-0.08,-0.025376753883284583
2024-07-16 19:45:00+00:00,-0.07,-0.024298399520653224
2024-07-16 20:00:00+00:00,-0.05,-0.030513004202491704
2024-07-16 20:15:00+00:00,-0.05,-0.03185577457052383
2024-07-16 20:30:00+00:00,-0.09,-0.032973553361630506
2024-07-16 20:45:00+00:00,-0.05,-0.032973553361630506
2024-07-16 21:00:00+00:00,-0.04,-0.033209115847192994
2024-07-16 21:15:00+00:00,-0.04,-0.033209115847192994
2024-07-16 21:30:00+00:00,-0.04,-0.033209115847192994
2024-07-16 21:45:00+00:00,-0.03,-0.033209115847192994
2024-07-16 22:00:00+00:00,-0.05,-0.033209115847192994
2024-07-16 22:15:00+00:00,-0.04,-0.0337863977894223
2024-07-16 22:30:00+00:00,-0.07,-0.033409782177604555
2024-07-16 22:45:00+00:00,-0.04,-0.02289083508646192
2024-07-16 23:00:00+00:00,-0.02,-0.02289083508646192
2024-07-16 23:15:00+00:00,-0.04,-0.02289083508646192
2024-07-16 23:30:00+00:00,0.0,0.03251673730537174
2024-07-16 23:45:00+00:00,-0.01,-0.02289083508646192
2024-07-17 00:00:00+00:00,0.0,0.03197803423850396
2024-07-17 00:15:00+00:00,-0.02,-0.02792393895536427
2024-07-17 00:30:00+00:00,0.0,0.026563799807116727
2024-07-17 00:45:00+00:00,-0.04,-0.033209115847192994
2024-07-17 01:00:00+00:00,0.0,-0.032973553361630506
2024-07-17 01:15:00+00:00,0.01,-0.032342826077650454
2024-07-17 01:30:00+00:00,-0.04,-0.027981900430977986
2024-07-17 01:45:00+00:00,-0.06,-0.024433641032716988
2024-07-17 02:00:00+00:00,-0.1,0.028408918539743845
2024-07-17 02:15:00+00:00,0.03,-0.026146195433467176
2024-07-17 02:30:00+00:00,0.02,0.047285858707053735
2024-07-17 02:45:00+00:00,-0.08,0.16353486993884173
2024-07-17 03:00:00+00:00,-0.01,0.1719973298455338
2024-07-17 03:15:00+00:00,-0.02,0.16419615664102416
2024-07-17 03:30:00+00:00,-0.1,0.03111678470452834
2024-07-17 03:45:00+00:00,-0.1,-0.02983780237818521
2024-07-17 04:00:00+00:00,-0.04,-0.02983780237818521
2024-07-17 04:15:00+00:00,-0.0,-0.02983780237818521
2024-07-17 04:30:00+00:00,0.11,-0.02983780237818521
2024-07-17 04:45:00+00:00,0.0,-0.02983780237818521
2024-07-17 05:00:00+00:00,-0.03,-0.02983780237818521
2024-07-17 05:15:00+00:00,0.04,-0.02983780237818521
2024-07-17 05:30:00+00:00,-0.0,-0.02983780237818521
2024-07-17 05:45:00+00:00,0.02,-0.02983780237818521
2024-07-17 06:00:00+00:00,0.0,-0.02983780237818521
2024-07-17 06:15:00+00:00,-0.02,-0.02983780237818521
2024-07-17 06:30:00+00:00,-0.09,-0.02983780237818521
2024-07-17 06:45:00+00:00,-0.1,-0.02983780237818521
2024-07-17 07:00:00+00:00,-0.06,-0.02104609994261152
2024-07-17 07:15:00+00:00,0.01,-0.02104609994261152
2024-07-17 07:30:00+00:00,0.05,-0.02104609994261152
2024-07-17 07:45:00+00:00,0.03,-0.02983780237818521
2024-07-17 08:00:00+00:00,-0.01,-0.02983780237818521
2024-07-17 08:15:00+00:00,-0.06,-0.02983780237818521
2024-07-17 08:30:00+00:00,-0.04,-0.02983780237818521
2024-07-17 08:45:00+00:00,0.0,-0.02983780237818521
2024-07-17 09:00:00+00:00,-0.07,-0.02983780237818521
2024-07-17 09:15:00+00:00,0.11,-0.02104609994261152
2024-07-17 09:30:00+00:00,0.07,-0.02983780237818521
2024-07-17 09:45:00+00:00,-0.1,-0.02983780237818521
2024-07-17 10:00:00+00:00,-0.03,-0.02983780237818521
2024-07-17 10:15:00+00:00,0.03,-0.02983780237818521
2024-07-17 10:30:00+00:00,-0.1,-0.02983780237818521
2024-07-17 10:45:00+00:00,-0.0,-0.02983780237818521
2024-07-17 11:00:00+00:00,0.07,-0.02104609994261152
2024-07-17 11:15:00+00:00,-0.07,-0.02983780237818521
2024-07-17 11:30:00+00:00,0.03,-0.02983780237818521
2024-07-17 11:45:00+00:00,-0.1,-0.02983780237818521
2024-07-17 12:00:00+00:00,-0.0,-0.02104609994261152
2024-07-17 12:15:00+00:00,-0.03,-0.02104609994261152
2024-07-17 12:30:00+00:00,0.15,-0.02104609994261152
2024-07-17 12:45:00+00:00,-0.1,-0.02983780237818521
2024-07-17 13:00:00+00:00,0.1,-0.02983780237818521
2024-07-17 13:15:00+00:00,0.02,-0.02983780237818521
2024-07-17 13:30:00+00:00,-0.03,-0.02983780237818521
2024-07-17 13:45:00+00:00,0.01,-0.02983780237818521
2024-07-17 14:00:00+00:00,0.12,-0.02983780237818521
2024-07-17 14:15:00+00:00,-0.04,-0.02983780237818521
2024-07-17 14:30:00+00:00,-0.07,-0.027118720365137676
2024-07-17 14:45:00+00:00,0.03,0.3086739271828267
2024-07-17 15:00:00+00:00,0.08,0.3311021997583064
2024-07-17 15:15:00+00:00,-0.1,0.16419615664102416
2024-07-17 15:30:00+00:00,-0.06,0.14313650893919344
2024-07-17 15:45:00+00:00,0.03,0.14463923281710533
2024-07-17 16:00:00+00:00,0.04,0.14635160286579596
2024-07-17 16:15:00+00:00,0.0,0.14292241171945744
2024-07-17 16:30:00+00:00,0.04,0.14292241171945744
2024-07-17 16:45:00+00:00,0.07,0.1719973298455338
2024-07-17 18:00:00+00:00,0.02,0.21078812242911218
2024-07-17 18:15:00+00:00,-0.0,0.1431326430239478
2024-07-17 18:30:00+00:00,0.03,0.057367710571633417
2024-07-17 18:45:00+00:00,-0.02,0.018025442886456026
2024-07-17 19:00:00+00:00,0.0,-0.011053457784416982
2024-07-17 19:15:00+00:00,0.01,-0.026187147814419557
2024-07-17 19:30:00+00:00,-0.01,0.03671100525758038
2024-07-17 19:45:00+00:00,0.04,0.011513898274734808
2024-07-17 20:00:00+00:00,0.01,0.022012249371060756
2024-07-17 20:15:00+00:00,0.02,-0.009446842889345412
2024-07-17 20:30:00+00:00,-0.03,-0.03952884989133405
2024-07-17 20:45:00+00:00,-0.01,-0.025848072256356113
2024-07-17 21:00:00+00:00,0.03,-0.02405143203800799
2024-07-17 21:15:00+00:00,-0.01,-0.030513004202491704
2024-07-17 21:30:00+00:00,0.02,-0.032342826077650454
2024-07-17 21:45:00+00:00,-0.02,-0.03308373254891495
2024-07-17 22:00:00+00:00,-0.01,-0.032973553361630506
2024-07-17 22:15:00+00:00,0.0,-0.033209115847192994
2024-07-17 22:30:00+00:00,0.02,-0.0337863977894223
2024-07-17 22:45:00+00:00,-0.0,-0.03433476663257179
2024-07-17 23:00:00+00:00,-0.03,-0.033409782177604555
2024-07-17 23:15:00+00:00,-0.03,-0.027269262696371466
2024-07-17 23:30:00+00:00,0.02,-0.024313433082799648
2024-07-17 23:45:00+00:00,-0.0,-0.023765064239650156
2024-07-18 00:00:00+00:00,-0.03,-0.023187782297420842
2024-07-18 00:15:00+00:00,-0.0,-0.032973553361630506
2024-07-18 00:30:00+00:00,0.02,-0.03185577457052383
2024-07-18 00:45:00+00:00,-0.01,-0.027498874303712915
2024-07-18 01:00:00+00:00,-0.0,-0.02405143203800799
2024-07-18 01:15:00+00:00,0.03,-0.024433641032716988
2024-07-18 01:30:00+00:00,-0.08,-0.02405143203800799
2024-07-18 01:45:00+00:00,-0.1,0.02407765143243081
2024-07-18 02:00:00+00:00,-0.1,0.024686377837847277
2024-07-18 02:15:00+00:00,-0.1,0.023138719117142333
2024-07-18 02:30:00+00:00,-0.1,-0.018676020783692925
2024-07-18 02:45:00+00:00,-0.1,-0.024433641032716988
2024-07-18 03:00:00+00:00,-0.1,-0.02603585982865975
2024-07-18 03:15:00+00:00,0.05,0.03273004517098051
2024-07-18 03:30:00+00:00,0.02,0.06643648350385224
2024-07-18 03:45:00+00:00,-0.03,0.09072819757023763
2024-07-18 04:00:00+00:00,0.03,0.04811367369016731
2024-07-18 04:15:00+00:00,-0.08,0.037587256875936566
2024-07-18 04:30:00+00:00,-0.1,0.10472457084842658
2024-07-18 04:45:00+00:00,-0.1,0.11458541415732672
2024-07-18 05:00:00+00:00,-0.1,0.11949480323446876
2024-07-18 05:15:00+00:00,-0.1,0.02467399024387273
2024-07-18 05:30:00+00:00,0.02,0.09072819757023763
2024-07-18 05:45:00+00:00,-0.1,0.10523660956117986
2024-07-18 06:00:00+00:00,0.0,0.09353325113598604
2024-07-18 06:15:00+00:00,0.11,-0.026146195433467176
2024-07-18 06:30:00+00:00,0.0,-0.020553099478005644
2024-07-18 06:45:00+00:00,-0.01,-0.015514634450367383
2024-07-18 07:00:00+00:00,-0.02,-0.008582985867981485
2024-07-18 07:15:00+00:00,0.06,0.011624058794446255
2024-07-18 07:30:00+00:00,0.02,-0.008582985867981485
2024-07-18 07:45:00+00:00,-0.02,-0.015514634450367383
2024-07-18 08:00:00+00:00,0.02,-0.009561578551671064
2024-07-18 08:15:00+00:00,0.04,-0.019034438607787665
2024-07-18 08:30:00+00:00,-0.04,0.09054818514762285
2024-07-18 08:45:00+00:00,-0.06,0.1102585316116977
2024-07-18 09:00:00+00:00,-0.07,0.10250098808198665
2024-07-18 09:15:00+00:00,-0.09,0.08486436013344853
2024-07-18 09:30:00+00:00,-0.1,0.08573437036877551
2024-07-18 09:45:00+00:00,-0.1,0.022012249371060756
2024-07-18 10:00:00+00:00,-0.1,0.018747273285295626
2024-07-18 10:15:00+00:00,-0.1,0.02407765143243081
2024-07-18 10:30:00+00:00,0.11,0.08844855510334443
2024-07-18 10:45:00+00:00,-0.1,0.10668995423238169
2024-07-18 11:00:00+00:00,-0.1,0.09705274557501933
2024-07-18 11:15:00+00:00,-0.03,0.012658580490204976
2024-07-18 11:30:00+00:00,-0.1,0.07613530634788418
2024-07-18 11:45:00+00:00,0.01,0.16353486993884173
2024-07-18 12:00:00+00:00,-0.02,0.17626019256206182
2024-07-18 12:15:00+00:00,0.19,0.14313650893919344
2024-07-18 12:30:00+00:00,0.06,0.14313650893919344
2024-07-18 12:45:00+00:00,0.03,0.14313650893919344
2024-07-18 13:00:00+00:00,-0.01,0.14313650893919344
2024-07-18 13:15:00+00:00,-0.0,0.14635160286579596
2024-07-18 13:30:00+00:00,-0.1,0.14292241171945744
2024-07-18 13:45:00+00:00,-0.1,0.14292241171945744
2024-07-18 14:00:00+00:00,-0.06,0.14292241171945744
2024-07-18 14:15:00+00:00,-0.08,0.14635160286579596
2024-07-18 14:30:00+00:00,0.04,0.14313650893919344
2024-07-18 14:45:00+00:00,-0.1,0.16419615664102416
2024-07-18 15:00:00+00:00,0.1,0.29254499837933645
2024-07-18 15:15:00+00:00,0.19,-0.027118720365137676
2024-07-18 15:30:00+00:00,0.04,0.10736982205737862
2024-07-18 15:45:00+00:00,0.04,0.16613909824875542
2024-07-18 16:00:00+00:00,0.05,0.1322043221612103
2024-07-18 16:15:00+00:00,0.04,0.13349888346203667
2024-07-18 16:30:00+00:00,-0.1,0.19768482402959162
2024-07-18 16:45:00+00:00,0.2,0.2385298237728076
2024-07-18 18:00:00+00:00,-0.08,0.1431326430239478
2024-07-18 18:15:00+00:00,0.02,0.06573152009544296
2024-07-18 18:30:00+00:00,0.02,0.01627736131236298
2024-07-18 18:45:00+00:00,0.0,-0.006939488166883147
2024-07-18 19:00:00+00:00,0.02,-0.025304949199204455
2024-07-18 19:15:00+00:00,-0.04,-0.02264515675893933
2024-07-18 19:30:00+00:00,-0.02,0.03101030923788444
2024-07-18 19:45:00+00:00,0.03,0.010439808638880468
2024-07-18 20:00:00+00:00,0.02,0.04105736279450892
2024-07-18 20:15:00+00:00,-0.04,0.014807616309065876
2024-07-18 20:30:00+00:00,0.0,-0.04104232965136207
2024-07-18 20:45:00+00:00,0.0,-0.025376753883284583
2024-07-18 21:00:00+00:00,0.03,-0.02405143203800799
2024-07-18 21:15:00+00:00,0.0,-0.026512554105768187
2024-07-18 21:30:00+00:00,-0.02,-0.032342826077650454
2024-07-18 21:45:00+00:00,-0.02,-0.032795584400766804
2024-07-18 22:00:00+00:00,0.0,-0.032973553361630506
2024-07-18 22:15:00+00:00,0.02,-0.032973553361630506
2024-07-18 22:30:00+00:00,0.0,-0.032973553361630506
2024-07-18 22:45:00+00:00,0.01,-0.033209115847192994
2024-07-18 23:00:00+00:00,0.0,-0.0337863977894223
2024-07-18 23:15:00+00:00,-0.02,-0.033409782177604555
2024-07-18 23:30:00+00:00,0.01,-0.03482439285127034
2024-07-18 23:45:00+00:00,-0.01,-0.027269262696371466
2024-07-19 00:00:00+00:00,-0.0,-0.02792393895536427
2024-07-19 00:15:00+00:00,0.02,-0.02792393895536427
2024-07-19 00:30:00+00:00,0.0,-0.02289083508646192
2024-07-19 00:45:00+00:00,0.0,-0.02289083508646192
2024-07-19 01:00:00+00:00,-0.0,-0.021907496392063783
2024-07-19 01:15:00+00:00,0.01,-0.021907496392063783
2024-07-19 01:30:00+00:00,0.03,-0.021907496392063783
2024-07-19 01:45:00+00:00,0.02,-0.019662429114175112
2024-07-19 02:00:00+00:00,-0.07,-0.02069292764789945
2024-07-19 02:15:00+00:00,-0.07,0.02672107539566264
2024-07-19 02:30:00+00:00,-0.1,-0.021907496392063783
2024-07-19 02:45:00+00:00,-0.1,-0.023187782297420842
2024-07-19 03:00:00+00:00,-0.06,0.03686972720178
2024-07-19 03:15:00+00:00,-0.1,0.07231546473013091
2024-07-19 03:30:00+00:00,0.11,-0.019498728246131698
2024-07-19 03:45:00+00:00,0.01,0.030023093112051445
2024-07-19 04:00:00+00:00,0.09,0.16353486993884173
2024-07-19 04:15:00+00:00,0.03,0.1854480319239555
2024-07-19 04:30:00+00:00,-0.02,0.14292241171945744
2024-07-19 04:45:00+00:00,0.04,0.14313650893919344
2024-07-19 05:00:00+00:00,-0.1,0.16419615664102416
2024-07-19 05:15:00+00:00,0.07,0.3311021997583064
2024-07-19 05:30:00+00:00,0.1,0.19023947099813504
2024-07-19 05:45:00+00:00,0.15,-0.027118720365137676
2024-07-19 06:00:00+00:00,0.04,0.2885945236116472
2024-07-19 06:15:00+00:00,-0.08,0.153263969863041
2024-07-19 06:30:00+00:00,-0.04,0.1322043221612103
2024-07-19 06:45:00+00:00,0.09,0.14313650893919344
2024-07-19 07:00:00+00:00,0.07,0.14292241171945744
2024-07-19 07:15:00+00:00,-0.0,0.1854480319239555
2024-07-19 07:30:00+00:00,-0.02,0.21493982160469066
2024-07-19 07:45:00+00:00,-0.03,0.1431326430239478
2024-07-19 08:00:00+00:00,-0.08,0.14040939137648306
2024-07-19 08:15:00+00:00,0.11,0.2712991692376411
2024-07-19 08:30:00+00:00,-0.02,0.030023093112051445
2024-07-19 08:45:00+00:00,-0.08,0.10101144421794032
2024-07-19 09:00:00+00:00,-0.1,-0.008582985867981485
2024-07-19 09:15:00+00:00,0.09,0.01580323791037102
2024-07-19 09:30:00+00:00,0.01,0.10101144421794032
2024-07-19 09:45:00+00:00,-0.1,0.031100673129121383
2024-07-19 10:00:00+00:00,-0.1,0.031100673129121383
2024-07-19 10:15:00+00:00,-0.07,0.032947680519581406
2024-07-19 10:30:00+00:00,0.08,0.06573152009544296
2024-07-19 10:45:00+00:00,-0.1,0.1431326430239478
2024-07-19 11:00:00+00:00,-0.1,0.1431326430239478
2024-07-19 11:15:00+00:00,-0.04,0.16353486993884173
2024-07-19 11:30:00+00:00,0.31,0.21078812242911218
2024-07-19 11:45:00+00:00,0.03,0.16353486993884173
2024-07-19 12:00:00+00:00,-0.1,0.1278437166004231
2024-07-19 12:15:00+00:00,-0.1,0.06573152009544296
2024-07-19 12:30:00+00:00,0.02,0.07613530634788418
2024-07-19 12:45:00+00:00,-0.1,0.289648491669167
2024-07-19 13:00:00+00:00,0.0,0.14040939137648306
2024-07-19 13:15:00+00:00,-0.05,0.1431326430239478
2024-07-19 13:30:00+00:00,0.19,0.16353486993884173
2024-07-19 13:45:00+00:00,-0.0,0.20767373410481477
2024-07-19 14:00:00+00:00,-0.1,0.1431326430239478
2024-07-19 14:15:00+00:00,-0.1,0.1431326430239478
2024-07-19 14:30:00+00:00,0.2,0.1431326430239478
2024-07-19 14:45:00+00:00,0.15,0.1431326430239478
2024-07-19 15:00:00+00:00,0.01,0.10600347752103305
2024-07-19 15:15:00+00:00,-0.1,0.01685787487948112
2024-07-19 15:30:00+00:00,0.1,0.017460123120240836
2024-07-19 15:45:00+00:00,-0.1,0.01580323791037102
2024-07-19 16:00:00+00:00,0.05,-0.005593438712618682
2024-07-19 16:15:00+00:00,0.0,-0.020553099478005644
2024-07-19 16:30:00+00:00,0.03,-0.02281494919920445
2024-07-19 16:45:00+00:00,0.11,-0.01769137295793176
2024-07-21 18:00:00+00:00,0.09,0.044550107834501806
2024-07-21 18:15:00+00:00,-0.01,0.01731634534171932
2024-07-21 18:30:00+00:00,0.02,0.05190509209627844
2024-07-21 18:45:00+00:00,0.09,0.19361390183358262
2024-07-21 19:00:00+00:00,0.06,0.030024853789161948
2024-07-21 19:15:00+00:00,-0.02,0.04752288137036032
2024-07-21 19:30:00+00:00,0.0,0.011268209999424683
2024-07-21 19:45:00+00:00,0.0,0.011513898274734808
2024-07-21 20:00:00+00:00,-0.04,0.014339951233075904
2024-07-21 20:15:00+00:00,-0.02,0.030024853789161948
2024-07-21 20:30:00+00:00,0.04,0.014807616309065876
2024-07-21 20:45:00+00:00,-0.08,0.049719075665948596
2024-07-21 21:00:00+00:00,-0.04,-0.025376753883284583
2024-07-21 21:15:00+00:00,0.01,-0.02405143203800799
2024-07-21 21:30:00+00:00,-0.1,-0.026512554105768187
2024-07-21 21:45:00+00:00,-0.0,-0.014764978775040983
2024-07-21 22:00:00+00:00,-0.01,-0.014764978775040983
2024-07-21 22:15:00+00:00,0.02,-0.014764978775040983
2024-07-21 22:30:00+00:00,0.03,-0.024433641032716988
2024-07-21 22:45:00+00:00,0.1,-0.024433641032716988
2024-07-21 23:00:00+00:00,0.03,-0.026512554105768187
2024-07-21 23:15:00+00:00,-0.06,-0.03164298056690533
2024-07-21 23:30:00+00:00,0.02,-0.03308373254891495
2024-07-21 23:45:00+00:00,-0.08,-0.027267837178326305
2024-07-22 00:00:00+00:00,0.08,-0.032973553361630506
2024-07-22 00:15:00+00:00,0.01,-0.033209115847192994
2024-07-22 00:30:00+00:00,0.05,-0.033209115847192994
2024-07-22 00:45:00+00:00,-0.04,-0.0286290504492676
2024-07-22 01:00:00+00:00,0.0,-0.028213121112410592
2024-07-22 01:15:00+00:00,0.0,-0.02289083508646192
2024-07-22 01:30:00+00:00,-0.04,0.025784516936637997
2024-07-22 01:45:00+00:00,0.66,-0.02289083508646192
2024-07-22 02:00:00+00:00,0.62,0.025991193859714917
2024-07-22 02:15:00+00:00,0.6,-0.021907496392063783
2024-07-22 02:30:00+00:00,0.54,0.027121075395662633
2024-07-22 02:45:00+00:00,0.59,-0.019662429114175112
2024-07-22 03:00:00+00:00,0.62,-0.019662429114175112
2024-07-22 03:15:00+00:00,0.64,-0.019662429114175112
2024-07-22 03:30:00+00:00,0.52,-0.019662429114175112
2024-07-22 03:45:00+00:00,0.55,-0.019662429114175112
2024-07-22 04:00:00+00:00,0.51,-0.019662429114175112
2024-07-22 04:15:00+00:00,0.51,-0.019662429114175112
2024-07-22 04:30:00+00:00,0.47,-0.019662429114175112
2024-07-22 04:45:00+00:00,0.53,-0.019662429114175112
2024-07-22 05:00:00+00:00,0.51,-0.019662429114175112
2024-07-22 05:15:00+00:00,0.48,-0.019662429114175112
2024-07-22 05:30:00+00:00,0.49,-0.019662429114175112
2024-07-22 05:45:00+00:00,0.43,-0.019662429114175112
2024-07-22 06:00:00+00:00,0.45,-0.019662429114175112
2024-07-22 06:15:00+00:00,0.39,-0.019662429114175112
2024-07-22 06:30:00+00:00,0.32,-0.023829723975350815
2024-07-22 06:45:00+00:00,0.31,-0.033209115847192994
2024-07-22 07:00:00+00:00,0.34,-0.032973553361630506
2024-07-22 07:15:00+00:00,0.37,-0.032795584400766804
2024-07-22 07:30:00+00:00,-0.1,-0.03185577457052383
2024-07-22 07:45:00+00:00,-0.1,-0.024298399520653224
2024-07-22 08:00:00+00:00,-0.1,-0.025376753883284583
2024-07-22 08:15:00+00:00,-0.1,0.022012249371060756
2024-07-22 08:30:00+00:00,-0.1,0.03101030923788444
2024-07-22 08:45:00+00:00,-0.1,0.04123549744489142
2024-07-22 09:00:00+00:00,-0.1,-0.02176979961608219
2024-07-22 09:15:00+00:00,-0.1,-0.026187147814419557
2024-07-22 09:30:00+00:00,-0.1,0.012658580490204976
2024-07-22 09:45:00+00:00,-0.1,0.06573152009544296
2024-07-22 10:00:00+00:00,-0.1,0.030023093112051445
2024-07-22 10:15:00+00:00,-0.1,0.09075069204038709
2024-07-22 10:30:00+00:00,-0.1,0.07613530634788418
2024-07-22 10:45:00+00:00,-0.1,0.14040939137648306
2024-07-22 11:00:00+00:00,-0.1,0.24027216003913027
2024-07-22 11:15:00+00:00,0.38,0.0916329735785375
2024-07-22 11:30:00+00:00,0.42,0.031100673129121383
2024-07-22 11:45:00+00:00,0.38,0.015130183968760614
2024-07-22 12:00:00+00:00,0.33,-0.01769137295793176
2024-07-22 12:15:00+00:00,0.32,0.03084513579392713
2024-07-22 12:30:00+00:00,0.24,0.009426543332758018
2024-07-22 12:45:00+00:00,0.06,0.011513898274734808
2024-07-22 13:00:00+00:00,-0.06,0.036917396830415304
2024-07-22 13:15:00+00:00,-0.05,0.03818374771101612
2024-07-22 13:30:00+00:00,-0.08,-0.011667759617881914
2024-07-22 13:45:00+00:00,-0.1,-0.025304949199204455
2024-07-22 14:00:00+00:00,-0.1,-0.009228644716321002
2024-07-22 14:15:00+00:00,-0.1,0.01580323791037102
2024-07-22 14:30:00+00:00,-0.1,0.048331862669596104
2024-07-22 14:45:00+00:00,-0.1,0.06573152009544296
2024-07-22 15:00:00+00:00,-0.1,0.03219661884918288
2024-07-22 15:15:00+00:00,-0.1,0.030023093112051445
2024-07-22 15:30:00+00:00,-0.1,0.030023093112051445
2024-07-22 15:45:00+00:00,-0.1,0.13038958921083074
2024-07-22 16:00:00+00:00,-0.1,0.014915456550458214
2024-07-22 16:15:00+00:00,-0.1,0.03255275229995056
2024-07-22 16:30:00+00:00,-0.1,0.023716827772283133
2024-07-22 16:45:00+00:00,-0.1,0.015130183968760614
2024-07-22 18:00:00+00:00,-0.1,-0.024194920119888014
2024-07-22 18:15:00+00:00,-0.1,-0.025304949199204455
2024-07-22 18:30:00+00:00,-0.1,-0.025304949199204455
2024-07-22 18:45:00+00:00,-0.1,-0.026187147814419557
2024-07-22 19:00:00+00:00,-0.1,-0.02176979961608219
2024-07-22 19:15:00+00:00,-0.1,0.031737916799231505
2024-07-22 19:30:00+00:00,-0.06,0.04752288137036032
2024-07-22 19:45:00+00:00,-0.07,0.08798338984683035
2024-07-22 20:00:00+00:00,-0.05,-0.038242329651362074
2024-07-22 20:15:00+00:00,-0.04,-0.025376753883284583
2024-07-22 20:30:00+00:00,0.02,-0.029143177048541385
2024-07-22 20:45:00+00:00,-0.0,-0.03952884989133405
2024-07-22 21:00:00+00:00,-0.04,-0.029143177048541385
2024-07-22 21:15:00+00:00,-0.08,-0.02405143203800799
2024-07-22 21:30:00+00:00,-0.04,-0.02475868177871774
2024-07-22 21:45:00+00:00,-0.05,-0.030513004202491704
2024-07-22 22:00:00+00:00,-0.01,-0.03185577457052383
2024-07-22 22:15:00+00:00,-0.03,-0.032342826077650454
2024-07-22 22:30:00+00:00,-0.04,-0.03308373254891495
2024-07-22 22:45:00+00:00,-0.03,-0.032973553361630506
2024-07-22 23:00:00+00:00,-0.04,0.027121257029521315
2024-07-22 23:15:00+00:00,-0.02,0.02868670892759417
2024-07-22 23:30:00+00:00,0.03,0.03273004517098051
2024-07-22 23:45:00+00:00,0.06,-0.026732990657779548
2024-07-23 00:00:00+00:00,-0.03,-0.024433641032716988
2024-07-23 00:15:00+00:00,-0.01,-0.02405143203800799
2024-07-23 00:30:00+00:00,0.02,-0.02405143203800799
2024-07-23 00:45:00+00:00,0.02,-0.030513004202491704
2024-07-23 01:00:00+00:00,-0.02,-0.03185577457052383
2024-07-23 01:15:00+00:00,0.01,-0.032973553361630506
2024-07-23 01:30:00+00:00,-0.04,-0.027267837178326305
2024-07-23 01:45:00+00:00,-0.09,-0.032973553361630506
2024-07-23 02:00:00+00:00,-0.01,-0.0320404016172188
2024-07-23 02:15:00+00:00,0.06,-0.014764978775040983
2024-07-23 02:30:00+00:00,0.06,-0.024433641032716988
2024-07-23 02:45:00+00:00,-0.04,-0.02405143203800799
2024-07-23 03:00:00+00:00,-0.1,-0.030513004202491704
2024-07-23 03:15:00+00:00,0.12,-0.02405143203800799
2024-07-23 03:30:00+00:00,-0.09,-0.03952884989133405
2024-07-23 03:45:00+00:00,0.08,-0.018201658161234136
2024-07-23 04:00:00+00:00,-0.06,0.037286343610154996
2024-07-23 04:15:00+00:00,0.12,0.04050204803702698
2024-07-23 04:30:00+00:00,-0.01,0.03557592764100555
2024-07-23 04:45:00+00:00,0.04,0.02467399024387273
2024-07-23 05:00:00+00:00,0.06,-0.02654273523419971
2024-07-23 05:15:00+00:00,-0.05,0.020208421433884925
2024-07-23 05:30:00+00:00,-0.04,0.018133034590378756
2024-07-23 05:45:00+00:00,-0.03,0.020208421433884925
2024-07-23 06:00:00+00:00,-0.05,-0.029143177048541385
2024-07-23 06:15:00+00:00,-0.1,-0.04262613366477072
2024-07-23 06:30:00+00:00,-0.1,0.037286343610154996
2024-07-23 06:45:00+00:00,-0.1,0.032120278625763256
2024-07-23 07:00:00+00:00,-0.1,0.009426543332758018
2024-07-23 07:15:00+00:00,-0.1,0.03101030923788444
2024-07-23 07:30:00+00:00,-0.1,-0.02176979961608219
2024-07-23 07:45:00+00:00,-0.1,-0.01572533260342631
2024-07-23 08:00:00+00:00,-0.1,-0.01572533260342631
2024-07-23 08:15:00+00:00,-0.04,0.04123549744489142
2024-07-23 08:30:00+00:00,-0.05,0.05146485766214332
2024-07-23 08:45:00+00:00,-0.07,0.05783259034453252
2024-07-23 09:00:00+00:00,0.05,0.08173625319300848
2024-07-23 09:15:00+00:00,0.01,-0.009203593695491348
2024-07-23 09:30:00+00:00,-0.1,-0.0011542502967528164
2024-07-23 09:45:00+00:00,-0.1,0.05863561248567012
2024-07-23 10:00:00+00:00,-0.1,0.03528013210739279
2024-07-23 10:15:00+00:00,-0.1,0.020094442986441904
2024-07-23 10:30:00+00:00,-0.1,0.011268209999424683
2024-07-23 10:45:00+00:00,-0.07,0.030024853789161948
2024-07-23 11:00:00+00:00,-0.1,0.018465796987681343
2024-07-23 11:15:00+00:00,-0.1,-0.0072902603621580134
2024-07-23 11:30:00+00:00,-0.1,-0.012505655563887452
2024-07-23 11:45:00+00:00,-0.1,-0.030172925532009513
2024-07-23 12:00:00+00:00,-0.1,-0.024433641032716988
2024-07-23 12:15:00+00:00,-0.08,-0.015453863019742775
2024-07-23 12:30:00+00:00,-0.04,-0.015925181392814305
2024-07-23 12:45:00+00:00,-0.02,0.03422505576749274
2024-07-23 13:00:00+00:00,0.02,0.062146604545667394
2024-07-23 13:15:00+00:00,-0.04,0.027274674606907735
2024-07-23 13:30:00+00:00,-0.06,0.03284295504572883
2024-07-23 13:45:00+00:00,-0.1,0.07587837629473455
2024-07-23 14:00:00+00:00,-0.1,-0.03282863690194835
2024-07-23 14:15:00+00:00,-0.1,0.020208421433884925
2024-07-23 14:30:00+00:00,-0.1,-0.030172925532009513
2024-07-23 14:45:00+00:00,-0.1,-0.030172925532009513
2024-07-23 15:00:00+00:00,-0.1,-0.029143177048541385
2024-07-23 15:15:00+00:00,-0.1,-0.025376753883284583
2024-07-23 15:30:00+00:00,-0.09,0.02832115570320865
2024-07-23 15:45:00+00:00,-0.06,0.08812451344616935
2024-07-23 16:00:00+00:00,0.15,0.10327122617722476
2024-07-23 16:15:00+00:00,0.02,0.037587256875936566
2024-07-23 16:30:00+00:00,-0.05,0.044550107834501806
2024-07-23 16:45:00+00:00,-0.1,0.031868148114723244
2024-07-23 18:00:00+00:00,-0.09,-0.01917597469016386
2024-07-23 18:15:00+00:00,0.11,0.016196941144295752
2024-07-23 18:30:00+00:00,-0.04,0.07613530634788418
2024-07-23 18:45:00+00:00,-0.03,0.1431326430239478
2024-07-23 19:00:00+00:00,-0.01,0.21078812242911218
2024-07-23 19:15:00+00:00,0.0,0.18342579662983788
2024-07-23 19:30:00+00:00,-0.04,0.14292241171945744
2024-07-23 19:45:00+00:00,0.08,0.14313650893919344
2024-07-23 20:00:00+00:00,-0.0,0.16419615664102416
2024-07-23 20:15:00+00:00,0.05,0.30859920961860965
2024-07-23 20:30:00+00:00,0.0,0.30859920961860965
2024-07-23 20:45:00+00:00,-0.01,0.2983683964670002
2024-07-23 21:00:00+00:00,0.03,0.2983683964670002
2024-07-23 21:15:00+00:00,-0.01,0.2983683964670002
2024-07-23 21:30:00+00:00,-0.05,0.20688915816215406
2024-07-23 21:45:00+00:00,0.0,0.30737042654982655
2024-07-23 22:00:00+00:00,0.0,0.30859920961860965
2024-07-23 22:15:00+00:00,-0.03,0.3311021997583064
2024-07-23 22:30:00+00:00,0.01,0.3311021997583064
2024-07-23 22:45:00+00:00,-0.01,0.3364876731421342
2024-07-23 23:00:00+00:00,-0.04,0.29254499837933645
2024-07-23 23:15:00+00:00,-0.01,-0.015737519473485954
2024-07-23 23:30:00+00:00,0.0,-0.02983780237818521
2024-07-23 23:45:00+00:00,-0.1,-0.02983780237818521
2024-07-24 00:00:00+00:00,-0.1,-0.02983780237818521
2024-07-24 00:15:00+00:00,0.03,-0.02104609994261152
2024-07-24 00:30:00+00:00,-0.02,-0.02104609994261152
2024-07-24 00:45:00+00:00,0.05,-0.02104609994261152
2024-07-24 01:00:00+00:00,0.08,-0.02983780237818521
2024-07-24 01:15:00+00:00,0.0,-0.02983780237818521
2024-07-24 01:30:00+00:00,-0.03,-0.02983780237818521
2024-07-24 01:45:00+00:00,-0.05,-0.02983780237818521
2024-07-24 02:00:00+00:00,-0.03,-0.02983780237818521
2024-07-24 02:15:00+00:00,-0.06,-0.02983780237818521
2024-07-24 02:30:00+00:00,0.0,-0.02983780237818521
2024-07-24 02:45:00+00:00,0.08,-0.02104609994261152
2024-07-24 03:00:00+00:00,-0.02,-0.02983780237818521
2024-07-24 03:15:00+00:00,-0.04,-0.02983780237818521
2024-07-24 03:30:00+00:00,-0.06,-0.02983780237818521
2024-07-24 03:45:00+00:00,-0.04,-0.02983780237818521
2024-07-24 04:00:00+00:00,-0.07,-0.02104609994261152
2024-07-24 04:15:00+00:00,0.15,-0.02104609994261152
2024-07-24 04:30:00+00:00,0.04,-0.02983780237818521
2024-07-24 04:45:00+00:00,-0.06,-0.02983780237818521
2024-07-24 05:00:00+00:00,-0.08,-0.02983780237818521
2024-07-24 05:15:00+00:00,0.02,-0.02983780237818521
2024-07-24 05:30:00+00:00,0.04,-0.02983780237818521
2024-07-24 05:45:00+00:00,0.06,-0.02983780237818521
2024-07-24 06:00:00+00:00,0.01,-0.02983780237818521
2024-07-24 06:15:00+00:00,-0.06,-0.02983780237818521
2024-07-24 06:30:00+00:00,-0.01,-0.015737519473485954
2024-07-24 06:45:00+00:00,-0.05,0.3311021997583064
2024-07-24 07:00:00+00:00,0.13,0.30859920961860965
2024-07-24 07:15:00+00:00,-0.07,0.14313650893919344
2024-07-24 07:30:00+00:00,-0.01,0.14292241171945744
2024-07-24 07:45:00+00:00,-0.07,0.17038327681523074
2024-07-24 08:00:00+00:00,-0.1,0.1719973298455338
2024-07-24 08:15:00+00:00,-0.03,0.1581871313774755
2024-07-24 08:30:00+00:00,-0.01,0.14078192737704798
2024-07-24 08:45:00+00:00,0.05,0.1442111185233865
2024-07-24 09:00:00+00:00,0.0,0.14635160286579596
2024-07-24 09:15:00+00:00,-0.1,0.14292241171945744
2024-07-24 09:30:00+00:00,-0.1,0.14313650893919344
2024-07-24 09:45:00+00:00,-0.1,0.19400468657939043
2024-07-24 10:00:00+00:00,0.06,0.10736982205737862
2024-07-24 10:15:00+00:00,-0.1,-0.02983780237818521
2024-07-24 10:30:00+00:00,0.03,-0.02983780237818521
2024-07-24 10:45:00+00:00,-0.1,-0.02983780237818521
2024-07-24 11:00:00+00:00,-0.05,-0.02983780237818521
2024-07-24 11:15:00+00:00,-0.0,-0.02983780237818521
2024-07-24 11:30:00+00:00,-0.06,-0.02983780237818521
2024-07-24 11:45:00+00:00,0.03,-0.02983780237818521
2024-07-24 12:00:00+00:00,-0.07,-0.02983780237818521
2024-07-24 12:15:00+00:00,-0.08,-0.02983780237818521
2024-07-24 12:30:00+00:00,0.03,-0.02983780237818521
2024-07-24 12:45:00+00:00,0.15,-0.02983780237818521
2024-07-24 13:00:00+00:00,-0.07,-0.02983780237818521
2024-07-24 13:15:00+00:00,0.1,-0.02983780237818521
2024-07-24 13:30:00+00:00,-0.1,-0.02983780237818521
2024-07-24 13:45:00+00:00,0.02,-0.02983780237818521
2024-07-24 14:00:00+00:00,-0.1,-0.02983780237818521
2024-07-24 14:15:00+00:00,-0.1,-0.02983780237818521
2024-07-24 14:30:00+00:00,-0.02,-0.02983780237818521
2024-07-24 14:45:00+00:00,-0.07,-0.02104609994261152
2024-07-24 15:00:00+00:00,-0.07,-0.02104609994261152
2024-07-24 15:15:00+00:00,0.08,-0.02104609994261152
2024-07-24 15:30:00+00:00,-0.1,-0.02983780237818521
2024-07-24 15:45:00+00:00,0.17,-0.02983780237818521
2024-07-24 16:00:00+00:00,0.03,-0.02983780237818521
2024-07-24 16:15:00+00:00,0.0,-0.02983780237818521
2024-07-24 16:30:00+00:00,0.0,-0.02983780237818521
2024-07-24 16:45:00+00:00,0.0,-0.02983780237818521
2024-07-24 17:00:00+00:00,0.05,-0.02983780237818521
2024-07-24 18:00:00+00:00,-0.02,-0.02983780237818521
2024-07-24 18:15:00+00:00,0.06,-0.02983780237818521
2024-07-24 18:30:00+00:00,-0.05,-0.02983780237818521
2024-07-24 18:45:00+00:00,-0.01,-0.02983780237818521
2024-07-24 19:00:00+00:00,0.01,-0.02983780237818521
2024-07-24 19:15:00+00:00,-0.01,-0.02983780237818521
2024-07-24 19:30:00+00:00,0.02,-0.02983780237818521
2024-07-24 19:45:00+00:00,-0.01,-0.02983780237818521
2024-07-24 20:00:00+00:00,0.04,-0.02983780237818521
2024-07-24 20:15:00+00:00,-0.02,-0.02983780237818521
2024-07-24 20:30:00+00:00,0.02,-0.02983780237818521
2024-07-24 20:45:00+00:00,-0.02,-0.02983780237818521
2024-07-24 21:00:00+00:00,0.01,-0.02983780237818521
2024-07-24 21:15:00+00:00,-0.05,-0.02983780237818521
2024-07-24 21:30:00+00:00,-0.05,-0.02983780237818521
2024-07-24 21:45:00+00:00,0.02,-0.02983780237818521
2024-07-24 22:00:00+00:00,0.0,-0.02983780237818521
2024-07-24 22:15:00+00:00,-0.1,-0.02983780237818521
2024-07-24 22:30:00+00:00,-0.03,-0.02983780237818521
2024-07-24 22:45:00+00:00,0.04,-0.02104609994261152
2024-07-24 23:00:00+00:00,0.12,-0.02104609994261152
2024-07-24 23:15:00+00:00,0.0,-0.02983780237818521
2024-07-24 23:30:00+00:00,0.01,-0.02983780237818521
2024-07-24 23:45:00+00:00,-0.01,0.10531413009309291
2024-07-25 00:00:00+00:00,-0.01,0.30859920961860965
2024-07-25 00:15:00+00:00,-0.02,0.16419615664102416
2024-07-25 00:30:00+00:00,0.0,0.14635160286579596
2024-07-25 00:45:00+00:00,0.04,0.14292241171945744
2024-07-25 01:00:00+00:00,-0.03,0.18342579662983788
2024-07-25 01:15:00+00:00,-0.05,0.19768482402959162
2024-07-25 01:30:00+00:00,-0.05,0.23046626445077367
2024-07-25 01:45:00+00:00,-0.1,0.22948404054208557
2024-07-25 02:00:00+00:00,0.29,0.18062969977220383
2024-07-25 02:15:00+00:00,0.05,0.14078192737704798
2024-07-25 02:30:00+00:00,-0.01,0.14078192737704798
2024-07-25 02:45:00+00:00,-0.1,0.14292241171945744
2024-07-25 03:00:00+00:00,0.05,0.14313650893919344
2024-07-25 03:15:00+00:00,-0.08,0.16419615664102416
2024-07-25 03:30:00+00:00,-0.0,0.3311021997583064
2024-07-25 03:45:00+00:00,-0.1,-0.027118720365137676
2024-07-25 04:00:00+00:00,0.24,-0.02983780237818521
2024-07-25 04:15:00+00:00,0.15,-0.02983780237818521
2024-07-25 04:30:00+00:00,0.05,-0.02983780237818521
2024-07-25 04:45:00+00:00,-0.07,-0.02983780237818521
2024-07-25 05:00:00+00:00,-0.05,-0.02983780237818521
2024-07-25 05:15:00+00:00,-0.05,-0.02983780237818521
2024-07-25 05:30:00+00:00,-0.05,-0.027118720365137676
2024-07-25 05:45:00+00:00,-0.1,-0.01832701792956399
2024-07-25 06:00:00+00:00,0.0,-0.01832701792956399
2024-07-25 06:15:00+00:00,-0.01,-0.02104609994261152
2024-07-25 06:30:00+00:00,0.15,-0.02983780237818521
2024-07-25 06:45:00+00:00,0.08,-0.02983780237818521
2024-07-25 07:00:00+00:00,-0.1,0.10531413009309291
2024-07-25 07:15:00+00:00,0.07,0.34094670714121933
2024-07-25 07:30:00+00:00,-0.1,0.2983683964670002
2024-07-25 07:45:00+00:00,0.02,0.16419615664102416
2024-07-25 08:00:00+00:00,-0.0,0.16419615664102416
2024-07-25 08:15:00+00:00,0.21,0.16419615664102416
2024-07-25 08:30:00+00:00,0.09,0.14292241171945744
2024-07-25 08:45:00+00:00,-0.06,0.19768482402959162
2024-07-25 09:00:00+00:00,-0.0,0.16353486993884173
2024-07-25 09:15:00+00:00,-0.09,0.14040939137648306
2024-07-25 09:30:00+00:00,-0.1,0.14040939137648306
2024-07-25 09:45:00+00:00,-0.1,0.1431326430239478
2024-07-25 10:00:00+00:00,0.44,0.2024819001754447
